{
  "model": {
    "model_name": "GPT-760M",
    "num_layers": 0,
    "parameters": {
      "total_parameters_bytes": 1687523328,
      "parameters_per_layer_bytes": [
        169869312,
        56681472,
        56681472,
        56681472,
        56681472,
        56681472,
        56681472,
        56681472,
        56681472,
        56681472,
        56681472,
        56681472,
        56681472,
        56681472,
        56681472,
        56681472,
        56681472,
        56681472,
        56681472,
        56681472,
        56681472,
        56681472,
        56681472,
        56681472,
        56681472,
        157298688
      ]
    }
  },
  "execution_time": {
    "total_time_ms": 82.8866958618164,
    "forward_backward_time_ms": 49.55887794494629,
    "batch_generator_time_ms": 0.5180835723876953,
    "layernorm_grads_all_reduce_time_ms": 0,
    "embedding_grads_all_reduce_time_ms": 0.01239776611328125,
    "optimizer_time_ms": 11.509895324707031,
    "layer_compute_total_ms": [
      0.7123947143554688,
      1.9474029541015625,
      1.6105175018310547,
      1.6303062438964844,
      1.6100406646728516,
      1.615762710571289,
      1.611471176147461,
      1.8298625946044922,
      1.5978813171386719,
      1.6109943389892578,
      1.619100570678711,
      1.6205310821533203,
      1.5940666198730469,
      1.5988349914550781,
      1.6124248504638672,
      1.641988754272461,
      1.6083717346191406,
      1.5985965728759766,
      1.6303062438964844,
      1.6434192657470703,
      1.5976428985595703,
      1.6109943389892578,
      1.5959739685058594,
      1.604318618774414,
      1.619100570678711,
      0.40736866700762314
    ]
  },
  "execution_memory": {
    "total_memory_mb": 1873.314453125,
    "layer_memory_total_mb": [
      45.517578125,
      87.095703125,
      80.345703125,
      76.595703125,
      75.095703125,
      75.095703125,
      77.345703125,
      75.845703125,
      75.095703125,
      75.095703125,
      75.095703125,
      75.095703125,
      75.095703125,
      75.095703125,
      75.095703125,
      75.095703125,
      75.095703125,
      75.095703125,
      75.095703125,
      75.095703125,
      75.845703125,
      76.095703125,
      76.095703125,
      75.095703125,
      76.095703125,
      100.0
    ]
  }
}