{
  "model": {
    "model_name": "GPT-760M",
    "num_layers": 0,
    "parameters": {
      "total_parameters_bytes": 1687523328,
      "parameters_per_layer_bytes": [
        169869312,
        56681472,
        56681472,
        56681472,
        56681472,
        56681472,
        56681472,
        56681472,
        56681472,
        56681472,
        56681472,
        56681472,
        56681472,
        56681472,
        56681472,
        56681472,
        56681472,
        56681472,
        56681472,
        56681472,
        56681472,
        56681472,
        56681472,
        56681472,
        56681472,
        157298688
      ]
    }
  },
  "execution_time": {
    "total_time_ms": 87.99505233764648,
    "forward_backward_time_ms": 530.3573608398438,
    "batch_generator_time_ms": 0.32329559326171875,
    "layernorm_grads_all_reduce_time_ms": 0,
    "embedding_grads_all_reduce_time_ms": 0.013113021850585938,
    "optimizer_time_ms": 11.338233947753906,
    "layer_compute_total_ms": [
      0.4947185516357422,
      484.4186305999756,
      1.7533302307128906,
      1.5566349029541016,
      1.5482902526855469,
      1.531839370727539,
      1.5206336975097656,
      2.6695728302001953,
      1.5399456024169922,
      1.5149116516113281,
      1.4989376068115234,
      1.4896392822265625,
      1.5103816986083984,
      1.4977455139160156,
      1.4889240264892578,
      1.5106201171875,
      1.52587890625,
      1.5110969543457031,
      1.4896392822265625,
      1.4951229095458984,
      1.4846324920654297,
      1.5139579772949219,
      1.4867782592773438,
      1.4858245849609375,
      1.7764568328857422,
      0.29942807875906075
    ]
  },
  "execution_memory": {
    "total_memory_mb": 956.9306640625,
    "layer_memory_total_mb": [
      23.7587890625,
      42.798828125,
      39.048828125,
      38.548828125,
      38.548828125,
      39.048828125,
      39.048828125,
      39.048828125,
      39.048828125,
      39.048828125,
      39.048828125,
      39.048828125,
      39.048828125,
      39.048828125,
      39.048828125,
      39.048828125,
      39.048828125,
      39.048828125,
      39.048828125,
      39.048828125,
      39.048828125,
      37.798828125,
      37.548828125,
      37.048828125,
      37.048828125,
      50.0
    ]
  }
}