{
  "model": {
    "model_name": "GPT-760M",
    "num_layers": 0,
    "parameters": {
      "total_parameters_bytes": 1687523328,
      "parameters_per_layer_bytes": [
        169869312,
        56681472,
        56681472,
        56681472,
        56681472,
        56681472,
        56681472,
        56681472,
        56681472,
        56681472,
        56681472,
        56681472,
        56681472,
        56681472,
        56681472,
        56681472,
        56681472,
        56681472,
        56681472,
        56681472,
        56681472,
        56681472,
        56681472,
        56681472,
        56681472,
        157298688
      ]
    }
  },
  "execution_time": {
    "total_time_ms": 99.81751441955566,
    "forward_backward_time_ms": 61.060190200805664,
    "batch_generator_time_ms": 0.5633831024169922,
    "layernorm_grads_all_reduce_time_ms": 0,
    "embedding_grads_all_reduce_time_ms": 0.01239776611328125,
    "optimizer_time_ms": 11.234521865844727,
    "layer_compute_total_ms": [
      0.9741783142089844,
      2.1772384643554688,
      1.9886493682861328,
      1.973867416381836,
      1.9884109497070312,
      1.9764900207519531,
      1.9969940185546875,
      2.2051334381103516,
      1.9750595092773438,
      1.9793510437011719,
      1.9791126251220703,
      1.9698143005371094,
      1.966238021850586,
      1.9974708557128906,
      1.995086669921875,
      2.004384994506836,
      1.9974708557128906,
      1.992940902709961,
      1.9779205322265625,
      1.9788742065429688,
      1.992940902709961,
      1.9881725311279297,
      1.9886493682861328,
      1.9931793212890625,
      1.9984245300292969,
      0.635312237317049
    ]
  },
  "execution_memory": {
    "total_memory_mb": 3719.83203125,
    "layer_memory_total_mb": [
      90.03515625,
      162.189453125,
      153.689453125,
      153.939453125,
      155.439453125,
      150.189453125,
      150.189453125,
      150.189453125,
      150.189453125,
      150.189453125,
      150.189453125,
      150.189453125,
      150.189453125,
      150.189453125,
      150.939453125,
      150.189453125,
      150.189453125,
      150.189453125,
      150.189453125,
      150.189453125,
      150.189453125,
      150.189453125,
      150.189453125,
      150.189453125,
      150.189453125,
      200.0
    ]
  }
}