{
  "model": {
    "model_name": "GPT-760M",
    "num_layers": 0,
    "parameters": {
      "total_parameters_bytes": 1687523328,
      "parameters_per_layer_bytes": [
        169869312,
        56681472,
        56681472,
        56681472,
        56681472,
        56681472,
        56681472,
        56681472,
        56681472,
        56681472,
        56681472,
        56681472,
        56681472,
        56681472,
        56681472,
        56681472,
        56681472,
        56681472,
        56681472,
        56681472,
        56681472,
        56681472,
        56681472,
        56681472,
        56681472,
        157298688
      ]
    }
  },
  "execution_time": {
    "total_time_ms": 190.03629684448242,
    "forward_backward_time_ms": 100.33988952636719,
    "batch_generator_time_ms": 1.1012554168701172,
    "layernorm_grads_all_reduce_time_ms": 0,
    "embedding_grads_all_reduce_time_ms": 0.01239776611328125,
    "optimizer_time_ms": 12.379884719848633,
    "layer_compute_total_ms": [
      1.8444061279296875,
      3.7114620208740234,
      3.247976303100586,
      3.2525062561035156,
      3.2579898834228516,
      3.6127567291259766,
      3.2634735107421875,
      3.530740737915039,
      3.3111572265625,
      3.3121109008789062,
      3.2837390899658203,
      3.234386444091797,
      3.282308578491211,
      3.694772720336914,
      3.3049583435058594,
      3.259420394897461,
      3.284454345703125,
      3.3164024353027344,
      3.307342529296875,
      3.2439231872558594,
      3.2956600189208984,
      3.3521652221679688,
      3.244638442993164,
      3.384828567504883,
      3.294706344604492,
      1.1496206027628768
    ]
  },
  "execution_memory": {
    "total_memory_mb": 7413.1171875,
    "layer_memory_total_mb": [
      180.0703125,
      324.376953125,
      300.376953125,
      300.376953125,
      300.376953125,
      300.376953125,
      300.376953125,
      300.376953125,
      300.376953125,
      300.376953125,
      300.376953125,
      300.376953125,
      300.376953125,
      300.376953125,
      300.376953125,
      300.376953125,
      300.376953125,
      300.376953125,
      300.376953125,
      300.376953125,
      300.376953125,
      300.376953125,
      300.376953125,
      300.376953125,
      300.376953125,
      400.0
    ]
  }
}