{
  "model": {
    "model_name": "MoE-380M",
    "num_layers": 8,
    "parameters": {
      "total_parameters_bytes": 1938803712,
      "parameters_per_layer_bytes": [
        49152000,
        230062080,
        230062080,
        230062080,
        230062080,
        230062080,
        230062080,
        230062080,
        230062080,
        49155072
      ]
    }
  },
  "execution_time": {
    "total_time_ms": 27.135397261671677,
    "forward_backward_time_ms": 18.117992853288545,
    "batch_generator_time_ms": 0.3764629364013672,
    "layernorm_grads_all_reduce_time_ms": 1.2275675978552325,
    "embedding_grads_all_reduce_time_ms": 0.03203816532863931,
    "optimizer_time_ms": 6.465636870833943,
    "layer_compute_total_ms": [
      0.2997001997421529,
      1.9933489992950864,
      2.3099531252501966,
      1.7806116272634513,
      1.8100752437588736,
      1.8879391627341542,
      1.8006460140080156,
      1.8009044028584407,
      1.8872957047241607,
      0.18430191452941871
    ]
  },
  "execution_memory": {
    "total_memory_mb": 439.2552254784183,
    "layer_memory_total_mb": [
      3.5942090645994784,
      60.964335725206354,
      60.69899426475265,
      61.284471979324636,
      60.964335725206354,
      60.964335725206354,
      60.84515231994291,
      60.84515231994291,
      60.964335725206354,
      35.94592391504073
    ]
  }
}