{
  "model": {
    "model_name": "MoE-380M",
    "num_layers": 8,
    "parameters": {
      "total_parameters_bytes": 1938803712,
      "parameters_per_layer_bytes": [
        49152000,
        230062080,
        230062080,
        230062080,
        230062080,
        230062080,
        230062080,
        230062080,
        230062080,
        49155072
      ]
    }
  },
  "execution_time": {
    "total_time_ms": 68.91298294067383,
    "forward_backward_time_ms": 34.71684455871582,
    "batch_generator_time_ms": 0.6635189056396484,
    "layernorm_grads_all_reduce_time_ms": 0.7715225219726562,
    "embedding_grads_all_reduce_time_ms": 0.013113021850585938,
    "optimizer_time_ms": 12.687921524047852,
    "layer_compute_total_ms": [
      0.6022453308105469,
      4.112958908081055,
      3.5996437072753906,
      3.3693313598632812,
      3.389596939086914,
      3.5033226013183594,
      3.3905506134033203,
      3.3178329467773438,
      3.4859180450439453,
      0.46181369913805
    ]
  },
  "execution_memory": {
    "total_memory_mb": 1702.4375,
    "layer_memory_total_mb": [
      12.53515625,
      211.40869140625,
      210.90869140625,
      211.70947265625,
      211.20947265625,
      210.93994140625,
      211.40869140625,
      211.40869140625,
      210.90869140625,
      126.0
    ]
  }
}