{
  "model": {
    "model_name": "MoE-380M",
    "num_layers": 8,
    "parameters": {
      "total_parameters_bytes": 1938803712,
      "parameters_per_layer_bytes": [
        49152000,
        230062080,
        230062080,
        230062080,
        230062080,
        230062080,
        230062080,
        230062080,
        230062080,
        49155072
      ]
    }
  },
  "execution_time": {
    "total_time_ms": 66.20526313781738,
    "forward_backward_time_ms": 32.576560974121094,
    "batch_generator_time_ms": 0.3764629364013672,
    "layernorm_grads_all_reduce_time_ms": 0.69427490234375,
    "embedding_grads_all_reduce_time_ms": 0.01811981201171875,
    "optimizer_time_ms": 12.380123138427734,
    "layer_compute_total_ms": [
      0.5044937133789062,
      3.526926040649414,
      4.120111465454102,
      3.1328201293945312,
      3.1871795654296875,
      3.3311843872070312,
      3.1697750091552734,
      3.1702518463134766,
      3.3299922943115234,
      0.3090660981457643
    ]
  },
  "execution_memory": {
    "total_memory_mb": 875.31640625,
    "layer_memory_total_mb": [
      6.017578125,
      108.70556640625,
      108.20556640625,
      109.30908203125,
      108.70556640625,
      108.70556640625,
      108.48095703125,
      108.48095703125,
      108.70556640625,
      62.5
    ]
  }
}