{
  "model": {
    "model_name": "MoE-380M",
    "num_layers": 8,
    "parameters": {
      "total_parameters_bytes": 1938803712,
      "parameters_per_layer_bytes": [
        49152000,
        230062080,
        230062080,
        230062080,
        230062080,
        230062080,
        230062080,
        230062080,
        230062080,
        49155072
      ]
    }
  },
  "execution_time": {
    "total_time_ms": 26.117303387067597,
    "forward_backward_time_ms": 17.15627419736217,
    "batch_generator_time_ms": 0.3247261047363281,
    "layernorm_grads_all_reduce_time_ms": 1.215342508453515,
    "embedding_grads_all_reduce_time_ms": 0.02234240476865636,
    "optimizer_time_ms": 6.479663162813369,
    "layer_compute_total_ms": [
      0.34438582392161976,
      1.9535886190342935,
      1.8296962071779845,
      1.7379167399852975,
      1.7514548926316955,
      1.854482468352911,
      1.736894620798692,
      1.735361343941147,
      1.83211258503589,
      0.1426060011745311
    ]
  },
  "execution_memory": {
    "total_memory_mb": 209.81661012714414,
    "layer_memory_total_mb": [
      1.6480996521175733,
      29.352432805910556,
      29.087160639722896,
      29.087160639722896,
      29.087160639722896,
      29.087160639722896,
      29.087160639722896,
      29.087160639722896,
      29.087160639722896,
      18.357352190485358
    ]
  }
}