{
  "model": {
    "model_name": "MoE-380M",
    "num_layers": 8,
    "parameters": {
      "total_parameters_bytes": 1938803712,
      "parameters_per_layer_bytes": [
        49152000,
        230062080,
        230062080,
        230062080,
        230062080,
        230062080,
        230062080,
        230062080,
        230062080,
        49155072
      ]
    }
  },
  "execution_time": {
    "total_time_ms": 82.98426160288308,
    "forward_backward_time_ms": 55.32431111426848,
    "batch_generator_time_ms": 0.3764629364013672,
    "layernorm_grads_all_reduce_time_ms": 0.04909264914548937,
    "embedding_grads_all_reduce_time_ms": 0.0012812641947311787,
    "optimizer_time_ms": 23.65794507037517,
    "layer_compute_total_ms": [
      0.8191740545470135,
      6.134308165417311,
      7.240633360815618,
      5.40883400852432,
      5.5084172866832555,
      5.772980897891508,
      5.476515980589031,
      5.4773897738201445,
      5.770786358349451,
      0.4990567344653823
    ]
  },
  "execution_memory": {
    "total_memory_mb": 1744.2447230863268,
    "layer_memory_total_mb": [
      9.693476241602085,
      190.96492272417456,
      190.02628856598938,
      192.09844020770143,
      190.96492272417456,
      190.96492272417456,
      190.54321884522835,
      190.54321884522835,
      190.96492272417456,
      106.21630433983708
    ]
  }
}