{
  "model": {
    "model_name": "MoE-380M",
    "num_layers": 8,
    "parameters": {
      "total_parameters_bytes": 1938803712,
      "parameters_per_layer_bytes": [
        49152000,
        230062080,
        230062080,
        230062080,
        230062080,
        230062080,
        230062080,
        230062080,
        230062080,
        49155072
      ]
    }
  },
  "execution_time": {
    "total_time_ms": 93.35021649862433,
    "forward_backward_time_ms": 64.44608508689159,
    "batch_generator_time_ms": 0.9467601776123047,
    "layernorm_grads_all_reduce_time_ms": 0.05630818961055443,
    "embedding_grads_all_reduce_time_ms": 0.0008935131884309535,
    "optimizer_time_ms": 24.401681304237357,
    "layer_compute_total_ms": [
      1.1968157210270878,
      7.7467779762814635,
      6.730515982602666,
      6.552491432915417,
      6.658017912436334,
      6.608105908489331,
      6.436542843405766,
      6.339693730200081,
      6.54807938141714,
      1.2230330998260939
    ]
  },
  "execution_memory": {
    "total_memory_mb": 6768.706022686221,
    "layer_memory_total_mb": [
      38.782694703399216,
      739.2932667729694,
      739.2932667729694,
      739.2932667729694,
      740.2322364946657,
      741.1713141228009,
      741.1713141228009,
      742.1104995511319,
      743.0497926735035,
      425.59429842087326
    ]
  }
}