{
  "model": {
    "model_name": "MoE-380M",
    "num_layers": 8,
    "parameters": {
      "total_parameters_bytes": 1938803712,
      "parameters_per_layer_bytes": [
        49152000,
        230062080,
        230062080,
        230062080,
        230062080,
        230062080,
        230062080,
        230062080,
        230062080,
        49155072
      ]
    }
  },
  "execution_time": {
    "total_time_ms": 28.386258509251153,
    "forward_backward_time_ms": 19.031890022874475,
    "batch_generator_time_ms": 0.6635189056396484,
    "layernorm_grads_all_reduce_time_ms": 1.3641513553089053,
    "embedding_grads_all_reduce_time_ms": 0.023185514382567923,
    "optimizer_time_ms": 6.615305021006577,
    "layer_compute_total_ms": [
      0.35709550962637143,
      2.3059430220294628,
      2.0322095857879177,
      1.90836102458709,
      1.9192855448437405,
      1.9804945717483529,
      1.9197995103917977,
      1.8805761222135733,
      1.9711377212094696,
      0.2745669726704644
    ]
  },
  "execution_memory": {
    "total_memory_mb": 854.2730133827578,
    "layer_memory_total_mb": [
      7.484527829069013,
      118.5360429390198,
      118.27082043102772,
      118.6955649398859,
      118.4303747971425,
      118.28739841539235,
      118.5360429390198,
      118.5360429390198,
      118.27082043102772,
      72.35694827846811
    ]
  }
}