{
  "model": {
    "model_name": "MoE-380M",
    "num_layers": 8,
    "parameters": {
      "total_parameters_bytes": 1938803712,
      "parameters_per_layer_bytes": [
        49152000,
        230062080,
        230062080,
        230062080,
        230062080,
        230062080,
        230062080,
        230062080,
        230062080,
        49155072
      ]
    }
  },
  "execution_time": {
    "total_time_ms": 66.48945808410645,
    "forward_backward_time_ms": 30.972003936767578,
    "batch_generator_time_ms": 0.3247261047363281,
    "layernorm_grads_all_reduce_time_ms": 0.6873607635498047,
    "embedding_grads_all_reduce_time_ms": 0.012636184692382812,
    "optimizer_time_ms": 12.544631958007812,
    "layer_compute_total_ms": [
      0.5817413330078125,
      3.484487533569336,
      3.2515525817871094,
      3.0798912048339844,
      3.10516357421875,
      3.298044204711914,
      3.077983856201172,
      3.075122833251953,
      3.256082534790039,
      0.23901980856190555
    ]
  },
  "execution_memory": {
    "total_memory_mb": 418.0908203125,
    "layer_memory_total_mb": [
      2.7587890625,
      52.35400390625,
      51.85400390625,
      51.85400390625,
      51.85400390625,
      51.85400390625,
      51.85400390625,
      51.85400390625,
      51.85400390625,
      32.0
    ]
  }
}