{
  "model": {
    "model_name": "MoE-380M",
    "num_layers": 8,
    "parameters": {
      "total_parameters_bytes": 1938803712,
      "parameters_per_layer_bytes": [
        49152000,
        230062080,
        230062080,
        230062080,
        230062080,
        230062080,
        230062080,
        230062080,
        230062080,
        49155072
      ]
    }
  },
  "execution_time": {
    "total_time_ms": 81.21759154836239,
    "forward_backward_time_ms": 53.0407147492476,
    "batch_generator_time_ms": 0.3247261047363281,
    "layernorm_grads_all_reduce_time_ms": 0.048603745702763,
    "embedding_grads_all_reduce_time_ms": 0.0008935131884309535,
    "optimizer_time_ms": 24.259875180777772,
    "layer_compute_total_ms": [
      0.949422036344771,
      6.123595658140169,
      5.687425498436499,
      5.3678978593947475,
      5.414834726348218,
      5.774246945436012,
      5.36435694160992,
      5.359045957243224,
      5.695879799016596,
      0.3856552295494979
    ]
  },
  "execution_memory": {
    "total_memory_mb": 833.0968407414234,
    "layer_memory_total_mb": [
      4.442757641529707,
      92.00628440135776,
      91.06737306610843,
      91.06737306610843,
      91.06737306610843,
      91.06737306610843,
      91.06737306610843,
      91.06737306610843,
      91.06737306610843,
      54.57059123805856
    ]
  }
}