{
  "model": {
    "model_name": "MoE-380M",
    "num_layers": 8,
    "parameters": {
      "total_parameters_bytes": 1938803712,
      "parameters_per_layer_bytes": [
        49152000,
        230062080,
        230062080,
        230062080,
        230062080,
        230062080,
        230062080,
        230062080,
        230062080,
        49155072
      ]
    }
  },
  "execution_time": {
    "total_time_ms": 30.58266602944665,
    "forward_backward_time_ms": 20.996216790726685,
    "batch_generator_time_ms": 0.9467601776123047,
    "layernorm_grads_all_reduce_time_ms": 1.4079930552323063,
    "embedding_grads_all_reduce_time_ms": 0.02234240476865636,
    "optimizer_time_ms": 6.699796348745347,
    "layer_compute_total_ms": [
      0.43417161905963436,
      2.471426614938423,
      2.181182497269255,
      2.129605947313138,
      2.160206367838182,
      2.1457430693864565,
      2.09588900838684,
      2.0676491992859174,
      2.1283247743966918,
      0.44338072014866936
    ]
  },
  "execution_memory": {
    "total_memory_mb": 1704.413338078445,
    "layer_memory_total_mb": [
      14.374638824150196,
      235.99162471300764,
      235.99162471300764,
      235.99162471300764,
      236.25688228258358,
      236.52211287554977,
      236.52211287554977,
      236.787316518467,
      237.0524932378741,
      143.60142539478167
    ]
  }
}