{
  "model": {
    "model_name": "MoE-380M",
    "num_layers": 8,
    "parameters": {
      "total_parameters_bytes": 1938803712,
      "parameters_per_layer_bytes": [
        49152000,
        230062080,
        230062080,
        230062080,
        230062080,
        230062080,
        230062080,
        230062080,
        230062080,
        49155072
      ]
    }
  },
  "execution_time": {
    "total_time_ms": 96.19426727294922,
    "forward_backward_time_ms": 40.01116752624512,
    "batch_generator_time_ms": 0.9467601776123047,
    "layernorm_grads_all_reduce_time_ms": 0.7963180541992188,
    "embedding_grads_all_reduce_time_ms": 0.012636184692382812,
    "optimizer_time_ms": 12.800216674804688,
    "layer_compute_total_ms": [
      0.7333755493164062,
      4.408121109008789,
      3.863811492919922,
      3.767728805541992,
      3.8247108459472656,
      3.797769546508789,
      3.7050247192382812,
      3.6525726318359375,
      3.7653446197509766,
      0.7491389951051929
    ]
  },
  "execution_memory": {
    "total_memory_mb": 3396.58984375,
    "layer_memory_total_mb": [
      24.0703125,
      420.81494140625,
      420.81494140625,
      420.81494140625,
      421.31494140625,
      421.81494140625,
      421.81494140625,
      422.31494140625,
      422.81494140625,
      250.0
    ]
  }
}