{
  "model": {
    "model_name": "MoE-380M",
    "num_layers": 8,
    "parameters": {
      "total_parameters_bytes": 1938803712,
      "parameters_per_layer_bytes": [
        49152000,
        230062080,
        230062080,
        230062080,
        230062080,
        230062080,
        230062080,
        230062080,
        230062080,
        49155072
      ]
    }
  },
  "execution_time": {
    "total_time_ms": 86.82573178200461,
    "forward_backward_time_ms": 58.345225002173834,
    "batch_generator_time_ms": 0.6635189056396484,
    "layernorm_grads_all_reduce_time_ms": 0.05455488071250124,
    "embedding_grads_all_reduce_time_ms": 0.0009272306672396688,
    "optimizer_time_ms": 24.290466012165098,
    "layer_compute_total_ms": [
      0.9805992847367018,
      7.228063544206368,
      6.269736485949891,
      5.843881341104765,
      5.881245576972694,
      6.091312118280025,
      5.88300441204609,
      5.749027298255082,
      6.059121295337903,
      0.7489869058703423
    ]
  },
  "execution_memory": {
    "total_memory_mb": 3392.6579464689694,
    "layer_memory_total_mb": [
      20.20251368372395,
      371.4905938689209,
      370.5514839008892,
      372.05563086545635,
      371.11639143643004,
      370.6101719634306,
      371.4905938689209,
      371.4905938689209,
      370.5514839008892,
      214.57220688612753
    ]
  }
}