{
  "model": {
    "model_name": "MoE-1.3B",
    "num_layers": 16,
    "parameters": {
      "total_parameters_bytes": 7403572224,
      "parameters_per_layer_bytes": [
        49152000,
        456579072,
        456579072,
        456579072,
        456579072,
        456579072,
        456579072,
        456579072,
        456579072,
        456579072,
        456579072,
        456579072,
        456579072,
        456579072,
        456579072,
        456579072,
        456579072,
        49155072
      ]
    }
  },
  "execution_time": {
    "total_time_ms": 171.23937606811523,
    "forward_backward_time_ms": 69.75746154785156,
    "batch_generator_time_ms": 0.5459785461425781,
    "layernorm_grads_all_reduce_time_ms": 1.4278888702392578,
    "embedding_grads_all_reduce_time_ms": 0.012159347534179688,
    "optimizer_time_ms": 45.94779014587402,
    "layer_compute_total_ms": [
      0.5829334259033203,
      4.475831985473633,
      3.9453506469726562,
      3.7698745727539062,
      3.7910938262939453,
      3.711223602294922,
      3.857851028442383,
      3.653287887573242,
      3.6911964416503906,
      4.160642623901367,
      4.010677337646484,
      3.775358200073242,
      3.6935806274414062,
      3.798961639404297,
      3.724813461303711,
      3.7567615509033203,
      3.7636756896972656,
      0.24162388096253076
    ]
  },
  "execution_memory": {
    "total_memory_mb": 834.0791015625,
    "layer_memory_total_mb": [
      2.7587890625,
      52.74853515625,
      51.90478515625,
      51.90478515625,
      51.90478515625,
      51.90478515625,
      51.90478515625,
      51.90478515625,
      51.90478515625,
      51.90478515625,
      51.90478515625,
      51.90478515625,
      51.90478515625,
      51.90478515625,
      51.90478515625,
      51.90478515625,
      51.90478515625,
      32.0
    ]
  }
}