{
  "model": {
    "model_name": "MoE-1.3B",
    "num_layers": 16,
    "parameters": {
      "total_parameters_bytes": 7403572224,
      "parameters_per_layer_bytes": [
        49152000,
        456579072,
        456579072,
        456579072,
        456579072,
        456579072,
        456579072,
        456579072,
        456579072,
        456579072,
        456579072,
        456579072,
        456579072,
        456579072,
        456579072,
        456579072,
        456579072,
        49155072
      ]
    }
  },
  "execution_time": {
    "total_time_ms": 181.24127388000488,
    "forward_backward_time_ms": 74.27644729614258,
    "batch_generator_time_ms": 0.7472038269042969,
    "layernorm_grads_all_reduce_time_ms": 1.4922618865966797,
    "embedding_grads_all_reduce_time_ms": 0.013113021850585938,
    "optimizer_time_ms": 46.868085861206055,
    "layer_compute_total_ms": [
      0.6868839263916016,
      4.938602447509766,
      4.075527191162109,
      4.085779190063477,
      3.984689712524414,
      3.9947032928466797,
      3.9987564086914062,
      3.9005279541015625,
      3.9408206939697266,
      4.029273986816406,
      3.972291946411133,
      4.001140594482422,
      3.943920135498047,
      3.9818286895751953,
      3.9811134338378906,
      4.434108734130859,
      3.9603710174560547,
      0.45231369339351896
    ]
  },
  "execution_memory": {
    "total_memory_mb": 3397.65625,
    "layer_memory_total_mb": [
      12.78125,
      211.11181640625,
      211.35791015625,
      211.35791015625,
      210.79541015625,
      212.63134765625,
      212.15869140625,
      211.61181640625,
      211.61181640625,
      211.61181640625,
      211.61181640625,
      211.61181640625,
      211.34619140625,
      211.61181640625,
      211.91650390625,
      211.91650390625,
      210.61181640625,
      126.0
    ]
  }
}