{
  "model": {
    "model_name": "MoE-1.3B",
    "num_layers": 16,
    "parameters": {
      "total_parameters_bytes": 7403572224,
      "parameters_per_layer_bytes": [
        49152000,
        456579072,
        456579072,
        456579072,
        456579072,
        456579072,
        456579072,
        456579072,
        456579072,
        456579072,
        456579072,
        456579072,
        456579072,
        456579072,
        456579072,
        456579072,
        456579072,
        49155072
      ]
    }
  },
  "execution_time": {
    "total_time_ms": 237.28600789740912,
    "forward_backward_time_ms": 132.3070523954478,
    "batch_generator_time_ms": 0.7472038269042969,
    "layernorm_grads_all_reduce_time_ms": 0.10551884993187431,
    "embedding_grads_all_reduce_time_ms": 0.0009272306672396688,
    "optimizer_time_ms": 93.57317571196174,
    "layer_compute_total_ms": [
      1.1174720517191885,
      8.67903937480092,
      7.071994811428609,
      7.0909066718939595,
      6.904623166616139,
      6.923056201828262,
      6.9305184219415565,
      6.7498697655037985,
      6.823920061219439,
      6.986727248650613,
      6.881807314859123,
      6.934908293903744,
      6.8296191693663335,
      6.899357380308509,
      6.898040988993743,
      7.736074274088228,
      6.859875269321554,
      0.7318003122065794
    ]
  },
  "execution_memory": {
    "total_memory_mb": 6794.851794606311,
    "layer_memory_total_mb": [
      20.601369842473332,
      370.8219785589677,
      371.28401847782686,
      371.28401847782686,
      370.22800384892656,
      373.67572268468734,
      372.78784193407546,
      371.7607809217789,
      371.7607809217789,
      371.7607809217789,
      371.7607809217789,
      371.7607809217789,
      371.26201539546054,
      371.7607809217789,
      372.3329689639571,
      372.3329689639571,
      369.8833914108684,
      214.5238877222126
    ]
  }
}