{
  "model": {
    "model_name": "MoE-1.3B",
    "num_layers": 16,
    "parameters": {
      "total_parameters_bytes": 7403572224,
      "parameters_per_layer_bytes": [
        49152000,
        456579072,
        456579072,
        456579072,
        456579072,
        456579072,
        456579072,
        456579072,
        456579072,
        456579072,
        456579072,
        456579072,
        456579072,
        456579072,
        456579072,
        456579072,
        456579072,
        49155072
      ]
    }
  },
  "execution_time": {
    "total_time_ms": 245.08953126718114,
    "forward_backward_time_ms": 141.90259872047835,
    "batch_generator_time_ms": 0.9593963623046875,
    "layernorm_grads_all_reduce_time_ms": 0.1060751883322181,
    "embedding_grads_all_reduce_time_ms": 0.0008597957096222383,
    "optimizer_time_ms": 91.40906750231896,
    "layer_compute_total_ms": [
      1.3026321010739725,
      8.71884379406355,
      7.69653949103433,
      7.5301693516913115,
      7.535031933216978,
      7.329723465366468,
      7.530611392968648,
      7.39766204225448,
      7.249945150169426,
      7.485976945551043,
      7.27638240027259,
      7.435184454669501,
      7.350452047829026,
      7.5827885133999,
      7.28960422756858,
      8.19133260580559,
      7.255672495638756,
      1.235011692189626
    ]
  },
  "execution_memory": {
    "total_memory_mb": 13537.329226638893,
    "layer_memory_total_mb": [
      38.78265041476995,
      740.0476913809837,
      740.0476913809837,
      740.0476913809837,
      740.0476913809837,
      740.0476913809837,
      741.2508587376914,
      741.9258837656278,
      742.3074442671377,
      743.1733589986991,
      741.9258837656278,
      740.0476913809837,
      740.0476913809837,
      740.0476913809837,
      740.0476913809837,
      740.0476913809837,
      740.0476913809837,
      425.5906409020038
    ]
  }
}