{
  "model": {
    "model_name": "MoE-1.3B",
    "num_layers": 16,
    "parameters": {
      "total_parameters_bytes": 7403572224,
      "parameters_per_layer_bytes": [
        49152000,
        456579072,
        456579072,
        456579072,
        456579072,
        456579072,
        456579072,
        456579072,
        456579072,
        456579072,
        456579072,
        456579072,
        456579072,
        456579072,
        456579072,
        456579072,
        456579072,
        49155072
      ]
    }
  },
  "execution_time": {
    "total_time_ms": 72.84561573624727,
    "forward_backward_time_ms": 43.240287907329645,
    "batch_generator_time_ms": 0.7472038269042969,
    "layernorm_grads_all_reduce_time_ms": 2.638511536736229,
    "embedding_grads_all_reduce_time_ms": 0.023185514382567923,
    "optimizer_time_ms": 23.47479193321562,
    "layer_compute_total_ms": [
      0.4075159134618045,
      2.768842603809535,
      2.307528488304957,
      2.3130525220899867,
      2.2585339208703794,
      2.263939242389614,
      2.2661268032060176,
      2.2130605127256127,
      2.2348406786648667,
      2.282592174653753,
      2.2518401176963523,
      2.267413521006486,
      2.236515343156463,
      2.256989344498068,
      2.256603186589455,
      2.5000901656088024,
      2.2454022001256666,
      0.26936361534187414
    ]
  },
  "execution_memory": {
    "total_memory_mb": 1698.9433013484222,
    "layer_memory_total_mb": [
      7.630907539381667,
      118.40632176650807,
      118.53690553679327,
      118.53690553679327,
      118.23840919401836,
      119.21241698507815,
      118.96173092273114,
      118.67162117580529,
      118.67162117580529,
      118.67162117580529,
      118.67162117580529,
      118.67162117580529,
      118.53068755738487,
      118.67162117580529,
      118.83326166526072,
      118.83326166526072,
      118.1409685535329,
      72.36902806944684
    ]
  }
}