{
  "model": {
    "model_name": "MoE-1.3B",
    "num_layers": 16,
    "parameters": {
      "total_parameters_bytes": 7403572224,
      "parameters_per_layer_bytes": [
        49152000,
        456579072,
        456579072,
        456579072,
        456579072,
        456579072,
        456579072,
        456579072,
        456579072,
        456579072,
        456579072,
        456579072,
        456579072,
        456579072,
        456579072,
        456579072,
        456579072,
        49155072
      ]
    }
  },
  "execution_time": {
    "total_time_ms": 180.8633804321289,
    "forward_backward_time_ms": 80.47270774841309,
    "batch_generator_time_ms": 0.9593963623046875,
    "layernorm_grads_all_reduce_time_ms": 1.5001296997070312,
    "embedding_grads_all_reduce_time_ms": 0.012159347534179688,
    "optimizer_time_ms": 45.79520225524902,
    "layer_compute_total_ms": [
      0.7987022399902344,
      4.961252212524414,
      4.414081573486328,
      4.324436187744141,
      4.327058792114258,
      4.216194152832031,
      4.324674606323242,
      4.252910614013672,
      4.173040390014648,
      4.300594329833984,
      4.187345504760742,
      4.273176193237305,
      4.227399826049805,
      4.352807998657227,
      4.194498062133789,
      4.679679870605469,
      4.176139831542969,
      0.7579470541288783
    ]
  },
  "execution_memory": {
    "total_memory_mb": 6769.1171875,
    "layer_memory_total_mb": [
      24.0703125,
      421.22119140625,
      421.22119140625,
      421.22119140625,
      421.22119140625,
      421.22119140625,
      421.86181640625,
      422.22119140625,
      422.42431640625,
      422.88525390625,
      422.22119140625,
      421.22119140625,
      421.22119140625,
      421.22119140625,
      421.22119140625,
      421.22119140625,
      421.22119140625,
      250.0
    ]
  }
}