{
  "model": {
    "model_name": "MoE-1.3B",
    "num_layers": 16,
    "parameters": {
      "total_parameters_bytes": 7403572224,
      "parameters_per_layer_bytes": [
        49152000,
        456579072,
        456579072,
        456579072,
        456579072,
        456579072,
        456579072,
        456579072,
        456579072,
        456579072,
        456579072,
        456579072,
        456579072,
        456579072,
        456579072,
        456579072,
        456579072,
        49155072
      ]
    }
  },
  "execution_time": {
    "total_time_ms": 168.2450771331787,
    "forward_backward_time_ms": 69.82278823852539,
    "batch_generator_time_ms": 0.5648136138916016,
    "layernorm_grads_all_reduce_time_ms": 1.4300346374511719,
    "embedding_grads_all_reduce_time_ms": 0.01239776611328125,
    "optimizer_time_ms": 45.880794525146484,
    "layer_compute_total_ms": [
      0.6635189056396484,
      4.557371139526367,
      3.9298534393310547,
      3.7810802459716797,
      3.844738006591797,
      3.7546157836914062,
      3.824949264526367,
      3.711223602294922,
      3.6945343017578125,
      3.8466453552246094,
      3.755331039428711,
      4.036426544189453,
      4.005670547485352,
      3.8025379180908203,
      3.686666488647461,
      3.806591033935547,
      3.7071704864501953,
      0.2958765518506971
    ]
  },
  "execution_memory": {
    "total_memory_mb": 1743.111328125,
    "layer_memory_total_mb": [
      6.017578125,
      108.49072265625,
      107.99072265625,
      108.99462890625,
      108.30712890625,
      107.80712890625,
      107.80712890625,
      108.11962890625,
      108.80712890625,
      109.06494140625,
      109.27587890625,
      108.60009765625,
      108.60009765625,
      108.80712890625,
      108.80712890625,
      108.80712890625,
      108.80712890625,
      62.5
    ]
  }
}