{
  "model": {
    "model_name": "MoE-1.3B",
    "num_layers": 16,
    "parameters": {
      "total_parameters_bytes": 7403572224,
      "parameters_per_layer_bytes": [
        49152000,
        456579072,
        456579072,
        456579072,
        456579072,
        456579072,
        456579072,
        456579072,
        456579072,
        456579072,
        456579072,
        456579072,
        456579072,
        456579072,
        456579072,
        456579072,
        456579072,
        49155072
      ]
    }
  },
  "execution_time": {
    "total_time_ms": 69.42848749178961,
    "forward_backward_time_ms": 40.575175744733805,
    "batch_generator_time_ms": 0.5459785461425781,
    "layernorm_grads_all_reduce_time_ms": 2.5246917388581687,
    "embedding_grads_all_reduce_time_ms": 0.0214992951547448,
    "optimizer_time_ms": 23.001002261052903,
    "layer_compute_total_ms": [
      0.3460849465254302,
      2.509388925428039,
      2.2265824764079554,
      2.1323542878378547,
      2.14376744873622,
      2.1007806235224447,
      2.17964025520415,
      2.0695524911391154,
      2.0899901759801494,
      2.3417208064730306,
      2.2615732225898593,
      2.135304254993547,
      2.091274999708048,
      2.147997974411855,
      2.108100039294401,
      2.1252986064946637,
      2.129019123195475,
      0.14433085921758948
    ]
  },
  "execution_memory": {
    "total_memory_mb": 417.0702831307893,
    "layer_memory_total_mb": [
      1.6481526097230113,
      29.573627960844533,
      29.12585660713224,
      29.12585660713224,
      29.12585660713224,
      29.12585660713224,
      29.12585660713224,
      29.12585660713224,
      29.12585660713224,
      29.12585660713224,
      29.12585660713224,
      29.12585660713224,
      29.12585660713224,
      29.12585660713224,
      29.12585660713224,
      29.12585660713224,
      29.12585660713224,
      18.362746824802407
    ]
  }
}