{
  "model": {
    "model_name": "MoE-1.3B",
    "num_layers": 16,
    "parameters": {
      "total_parameters_bytes": 7403572224,
      "parameters_per_layer_bytes": [
        49152000,
        456579072,
        456579072,
        456579072,
        456579072,
        456579072,
        456579072,
        456579072,
        456579072,
        456579072,
        456579072,
        456579072,
        456579072,
        456579072,
        456579072,
        456579072,
        456579072,
        49155072
      ]
    }
  },
  "execution_time": {
    "total_time_ms": 69.64150104625622,
    "forward_backward_time_ms": 40.804545187220775,
    "batch_generator_time_ms": 0.5648136138916016,
    "layernorm_grads_all_reduce_time_ms": 2.528485732120771,
    "embedding_grads_all_reduce_time_ms": 0.02192084996170058,
    "optimizer_time_ms": 22.970287322369337,
    "layer_compute_total_ms": [
      0.3934527951284289,
      2.5551041021444076,
      2.22027253730993,
      2.1402622105600737,
      2.1745281240030705,
      2.126003163734891,
      2.1638811271178975,
      2.1026059565352786,
      2.0936012089247216,
      2.175554105354244,
      2.1263886494798716,
      2.27743506415868,
      2.2609513936773924,
      2.151817692548587,
      2.0893549872993256,
      2.153999802542866,
      2.1004193874577473,
      0.17658089830152301
    ]
  },
  "execution_memory": {
    "total_memory_mb": 871.6155750644886,
    "layer_memory_total_mb": [
      3.5942041684362547,
      60.84933878379424,
      60.58395918885989,
      61.11668573195788,
      60.75190689850462,
      60.486488760378975,
      60.486488760378975,
      60.652387404371375,
      61.01722019429493,
      61.15398152627343,
      61.26585654549356,
      60.9073766003111,
      60.9073766003111,
      61.01722019429493,
      61.01722019429493,
      61.01722019429493,
      61.01722019429493,
      35.94551601794235
    ]
  }
}