{
  "model": {
    "model_name": "MoE-1.3B",
    "num_layers": 16,
    "parameters": {
      "total_parameters_bytes": 7403572224,
      "parameters_per_layer_bytes": [
        49152000,
        456579072,
        456579072,
        456579072,
        456579072,
        456579072,
        456579072,
        456579072,
        456579072,
        456579072,
        456579072,
        456579072,
        456579072,
        456579072,
        456579072,
        456579072,
        456579072,
        49155072
      ]
    }
  },
  "execution_time": {
    "total_time_ms": 75.31066010586542,
    "forward_backward_time_ms": 46.10758067587251,
    "batch_generator_time_ms": 0.9593963623046875,
    "layernorm_grads_all_reduce_time_ms": 2.6524228453657703,
    "embedding_grads_all_reduce_time_ms": 0.0214992951547448,
    "optimizer_time_ms": 22.942935379669283,
    "layer_compute_total_ms": [
      0.47304421472174124,
      2.7815412640085264,
      2.489946700727746,
      2.4418938498213127,
      2.443300808810013,
      2.383763286490414,
      2.44202175808108,
      2.403495103450052,
      2.360554102472292,
      2.4291000934462237,
      2.3682499046925947,
      2.4143800795699293,
      2.389786814092548,
      2.4571108703072513,
      2.3720970052416437,
      2.6318467191540713,
      2.36222170763328,
      0.4491941310814719
    ]
  },
  "execution_memory": {
    "total_memory_mb": 3384.784880840277,
    "layer_memory_total_mb": [
      14.374649896307513,
      236.2092685610041,
      236.2092685610041,
      236.2092685610041,
      236.2092685610041,
      236.2092685610041,
      236.54910172182713,
      236.73972046484306,
      236.84745533946557,
      237.0919141565752,
      236.73972046484306,
      236.2092685610041,
      236.2092685610041,
      236.2092685610041,
      236.2092685610041,
      236.2092685610041,
      236.2092685610041,
      143.60233977449906
    ]
  }
}