{
  "model": {
    "model_name": "MoE-1.3B",
    "num_layers": 16,
    "parameters": {
      "total_parameters_bytes": 7403572224,
      "parameters_per_layer_bytes": [
        49152000,
        456579072,
        456579072,
        456579072,
        456579072,
        456579072,
        456579072,
        456579072,
        456579072,
        456579072,
        456579072,
        456579072,
        456579072,
        456579072,
        456579072,
        456579072,
        456579072,
        49155072
      ]
    }
  },
  "execution_time": {
    "total_time_ms": 227.81632276928468,
    "forward_backward_time_ms": 125.22390226243282,
    "batch_generator_time_ms": 0.5648136138916016,
    "layernorm_grads_all_reduce_time_ms": 0.10111871894733697,
    "embedding_grads_all_reduce_time_ms": 0.0008766544490265959,
    "optimizer_time_ms": 91.64202881110859,
    "layer_compute_total_ms": [
      1.0802644420448781,
      8.009068149527836,
      6.838323608084499,
      6.563272141646425,
      6.6808395303549055,
      6.5144504798260625,
      6.644272549633878,
      6.434470583038572,
      6.403732371332364,
      6.684364999481462,
      6.515769559795358,
      7.035965920123092,
      6.9788766152318376,
      6.602880902168935,
      6.3892460053925415,
      6.610364925570723,
      6.427004395969791,
      0.47718261419669644
    ]
  },
  "execution_memory": {
    "total_memory_mb": 3485.983012242046,
    "layer_memory_total_mb": [
      9.693495826254983,
      190.56553548982305,
      189.62705386956043,
      191.51177269716845,
      190.22088803098148,
      189.2825605834841,
      189.2825605834841,
      189.8689660075145,
      191.15963484782026,
      191.6438395199063,
      192.04008944302572,
      190.7708842237556,
      190.7708842237556,
      191.15963484782026,
      191.15963484782026,
      191.15963484782026,
      191.15963484782026,
      106.21793592823057
    ]
  }
}