{
  "model": {
    "model_name": "MoE-1.3B",
    "num_layers": 16,
    "parameters": {
      "total_parameters_bytes": 7403572224,
      "parameters_per_layer_bytes": [
        49152000,
        456579072,
        456579072,
        456579072,
        456579072,
        456579072,
        456579072,
        456579072,
        456579072,
        456579072,
        456579072,
        456579072,
        456579072,
        456579072,
        456579072,
        456579072,
        456579072,
        49155072
      ]
    }
  },
  "execution_time": {
    "total_time_ms": 227.48257572425163,
    "forward_backward_time_ms": 124.76109379304808,
    "batch_generator_time_ms": 0.5459785461425781,
    "layernorm_grads_all_reduce_time_ms": 0.10096699029269775,
    "embedding_grads_all_reduce_time_ms": 0.0008597957096222383,
    "optimizer_time_ms": 91.78715153928448,
    "layer_compute_total_ms": [
      0.9473939175115605,
      7.865772240182374,
      6.875072682258804,
      6.550081139664206,
      6.5893055102309,
      6.441771915089908,
      6.712843092952932,
      6.334941585736506,
      6.404825062680964,
      7.275687269713345,
      6.9964164602265,
      6.560215780318782,
      6.409222510933431,
      6.603854659969768,
      6.466853688037239,
      6.525851777634628,
      6.538626266007161,
      0.38917208697976513
    ]
  },
  "execution_memory": {
    "total_memory_mb": 1668.0352737268427,
    "layer_memory_total_mb": [
      4.442545811107955,
      92.69962878162185,
      91.11571419647105,
      91.11571419647105,
      91.11571419647105,
      91.11571419647105,
      91.11571419647105,
      91.11571419647105,
      91.11571419647105,
      91.11571419647105,
      91.11571419647105,
      91.11571419647105,
      91.11571419647105,
      91.11571419647105,
      91.11571419647105,
      91.11571419647105,
      91.11571419647105,
      54.54901270079038
    ]
  }
}