{
  "model": {
    "model_name": "GPT-125M",
    "num_layers": 12,
    "parameters": {
      "total_parameters_bytes": 661315584,
      "parameters_per_layer_bytes": [
        163577856,
        28369920,
        28369920,
        28369920,
        28369920,
        28369920,
        28369920,
        28369920,
        28369920,
        28369920,
        28369920,
        28369920,
        28369920,
        157298688
      ]
    }
  },
  "execution_time": {
    "total_time_ms": 42.36485910308869,
    "forward_backward_time_ms": 31.73460871146795,
    "batch_generator_time_ms": 0.3407001495361328,
    "layernorm_grads_all_reduce_time_ms": 0.1375335960607494,
    "embedding_grads_all_reduce_time_ms": 0.0009440894066440263,
    "optimizer_time_ms": 8.474398463149125,
    "layer_compute_total_ms": [
      0.8232777449282609,
      2.4188517095068898,
      2.148392569989875,
      2.166125086546617,
      2.2411880487419875,
      2.1497220546731834,
      2.1466200385221437,
      2.289722344111088,
      2.1444045587550926,
      2.132887375273881,
      2.1351017863448454,
      2.141746253926573,
      2.1989645692950957,
      0.4583077824000781
    ]
  },
  "execution_memory": {
    "total_memory_mb": 2306.702922344648,
    "layer_memory_total_mb": [
      22.379941632939147,
      168.96983496591542,
      166.39757752551452,
      166.86499519363105,
      165.46309802944455,
      165.46309802944455,
      165.46309802944455,
      165.46309802944455,
      165.46309802944455,
      165.46309802944455,
      167.33253114817595,
      167.33253114817595,
      167.33253114817595,
      175.73877361149465
    ]
  }
}