{
  "model": {
    "model_name": "GPT-125M",
    "num_layers": 12,
    "parameters": {
      "total_parameters_bytes": 661315584,
      "parameters_per_layer_bytes": [
        163577856,
        28369920,
        28369920,
        28369920,
        28369920,
        28369920,
        28369920,
        28369920,
        28369920,
        28369920,
        28369920,
        28369920,
        28369920,
        157298688
      ]
    }
  },
  "execution_time": {
    "total_time_ms": 33.22887420654297,
    "forward_backward_time_ms": 21.372079849243164,
    "batch_generator_time_ms": 0.3407001495361328,
    "layernorm_grads_all_reduce_time_ms": 1.9450187683105469,
    "embedding_grads_all_reduce_time_ms": 0.0133514404296875,
    "optimizer_time_ms": 4.414796829223633,
    "layer_compute_total_ms": [
      0.49424171447753906,
      1.3763904571533203,
      1.2316703796386719,
      1.2412071228027344,
      1.2814998626708984,
      1.2323856353759766,
      1.2307167053222656,
      1.3074874877929688,
      1.2295246124267578,
      1.2233257293701172,
      1.224517822265625,
      1.2280941009521484,
      1.25885009765625,
      0.27968717175860736
    ]
  },
  "execution_memory": {
    "total_memory_mb": 1154.0712890625,
    "layer_memory_total_mb": [
      13.7587890625,
      96.390625,
      95.015625,
      95.265625,
      94.515625,
      94.515625,
      94.515625,
      94.515625,
      94.515625,
      94.515625,
      95.515625,
      95.515625,
      95.515625,
      100.0
    ]
  }
}