{
  "model": {
    "model_name": "GPT-125M",
    "num_layers": 12,
    "parameters": {
      "total_parameters_bytes": 661315584,
      "parameters_per_layer_bytes": [
        163577856,
        28369920,
        28369920,
        28369920,
        28369920,
        28369920,
        28369920,
        28369920,
        28369920,
        28369920,
        28369920,
        28369920,
        28369920,
        157298688
      ]
    }
  },
  "execution_time": {
    "total_time_ms": 69.81822825839184,
    "forward_backward_time_ms": 57.93490826501303,
    "batch_generator_time_ms": 2.4704933166503906,
    "layernorm_grads_all_reduce_time_ms": 0.15506668504128132,
    "embedding_grads_all_reduce_time_ms": 0.0008597957096222383,
    "optimizer_time_ms": 8.402715976514008,
    "layer_compute_total_ms": [
      1.6357951125930041,
      4.134490574112121,
      3.864463269094406,
      3.875125876116446,
      3.9057955657323706,
      3.885791124356468,
      3.91468939438769,
      4.0813361798251195,
      3.8822357484602534,
      3.875125876116446,
      3.899126390998556,
      3.9137999295324613,
      4.235609203430651,
      1.2747968552553401
    ]
  },
  "execution_memory": {
    "total_memory_mb": 9177.162592166404,
    "layer_memory_total_mb": [
      82.91787377105437,
      661.8523921177782,
      661.8523921177782,
      662.553106917847,
      661.8523921177782,
      663.7211135557553,
      666.2913810952713,
      661.8523921177782,
      661.8523921177782,
      661.8523921177782,
      661.8523921177782,
      661.8523921177782,
      661.8523921177782,
      702.9550944459786
    ]
  }
}