{
  "model": {
    "model_name": "GPT-125M",
    "num_layers": 12,
    "parameters": {
      "total_parameters_bytes": 661315584,
      "parameters_per_layer_bytes": [
        163577856,
        28369920,
        28369920,
        28369920,
        28369920,
        28369920,
        28369920,
        28369920,
        28369920,
        28369920,
        28369920,
        28369920,
        28369920,
        157298688
      ]
    }
  },
  "execution_time": {
    "total_time_ms": 53.912005555188564,
    "forward_backward_time_ms": 43.57661905764908,
    "batch_generator_time_ms": 0.4553794860839844,
    "layernorm_grads_all_reduce_time_ms": 0.13603316825376158,
    "embedding_grads_all_reduce_time_ms": 0.0008766544490265959,
    "optimizer_time_ms": 7.631238315065807,
    "layer_compute_total_ms": [
      1.0185639463742306,
      2.47572368823288,
      2.217724806359739,
      2.2269593446075953,
      10.392305378641849,
      2.813756821931106,
      2.3053207498934007,
      2.4386135147942842,
      2.2458352385749367,
      2.232581205130036,
      2.2558785132115364,
      2.2510574897309046,
      2.3431386520182804,
      0.6752528745419004
    ]
  },
  "execution_memory": {
    "total_memory_mb": 4596.856348237809,
    "layer_memory_total_mb": [
      42.69594322632129,
      331.86055677787766,
      332.79515505102904,
      333.02884167958746,
      332.5614832389091,
      331.6269443082261,
      331.6269443082261,
      331.86055677787766,
      330.9261960588891,
      330.9261960588891,
      330.9261960588891,
      331.86055677787766,
      330.9261960588891,
      351.4775472229893
    ]
  }
}