{
  "model": {
    "model_name": "GPT-125M",
    "num_layers": 12,
    "parameters": {
      "total_parameters_bytes": 661315584,
      "parameters_per_layer_bytes": [
        163577856,
        28369920,
        28369920,
        28369920,
        28369920,
        28369920,
        28369920,
        28369920,
        28369920,
        28369920,
        28369920,
        28369920,
        28369920,
        157298688
      ]
    }
  },
  "execution_time": {
    "total_time_ms": 26.327933637226863,
    "forward_backward_time_ms": 18.720477305345565,
    "batch_generator_time_ms": 2.4704933166503906,
    "layernorm_grads_all_reduce_time_ms": 3.877461114379268,
    "embedding_grads_all_reduce_time_ms": 0.0214992951547448,
    "optimizer_time_ms": 2.4547847967650527,
    "layer_compute_total_ms": [
      0.5685673961681552,
      1.322668173732712,
      1.2456933410515938,
      1.2487497351945214,
      1.257533194748548,
      1.2518054690329532,
      1.2600781091667494,
      1.3075849613913764,
      1.2507869643741945,
      1.2487497351945214,
      1.255624209745478,
      1.2598236382223533,
      1.3512711152800323,
      0.4497398743886094
    ]
  },
  "execution_memory": {
    "total_memory_mb": 2297.2445082083996,
    "layer_memory_total_mb": [
      30.30568780723641,
      212.59940197055545,
      212.59940197055545,
      212.79922327053822,
      212.59940197055545,
      213.13222161106117,
      213.86465472618215,
      212.59940197055545,
      212.59940197055545,
      212.59940197055545,
      212.59940197055545,
      212.59940197055545,
      212.59940197055545,
      224.26122638850532
    ]
  }
}