{
  "model": {
    "model_name": "GPT-125M",
    "num_layers": 12,
    "parameters": {
      "total_parameters_bytes": 661315584,
      "parameters_per_layer_bytes": [
        163577856,
        28369920,
        28369920,
        28369920,
        28369920,
        28369920,
        28369920,
        28369920,
        28369920,
        28369920,
        28369920,
        28369920,
        28369920,
        157298688
      ]
    }
  },
  "execution_time": {
    "total_time_ms": 22.138740380195646,
    "forward_backward_time_ms": 15.144544066896247,
    "batch_generator_time_ms": 0.4553794860839844,
    "layernorm_grads_all_reduce_time_ms": 3.401525737326192,
    "embedding_grads_all_reduce_time_ms": 0.02192084996170058,
    "optimizer_time_ms": 2.5165239936212433,
    "layer_compute_total_ms": [
      0.3738303879181611,
      0.8835829634398269,
      0.7952563747040104,
      0.7984313674613824,
      3.315419672795592,
      0.9981541935650751,
      0.8253326390647358,
      0.870925997522132,
      0.8049180671873205,
      0.8003637624381941,
      0.8083677130057098,
      0.8067119459266489,
      0.8382895099690628,
      0.24958415882497276
    ]
  },
  "execution_memory": {
    "total_memory_mb": 1150.6784910655479,
    "layer_memory_total_mb": [
      15.59359231841968,
      106.56611080553058,
      106.83246123724274,
      106.89903958010314,
      106.76587919027273,
      106.49951392294348,
      106.49951392294348,
      106.56611080553058,
      106.29970098527772,
      106.29970098527772,
      106.29970098527772,
      106.56611080553058,
      106.29970098527772,
      112.13061319425266
    ]
  }
}