{
  "model": {
    "model_name": "GPT-125M",
    "num_layers": 12,
    "parameters": {
      "total_parameters_bytes": 661315584,
      "parameters_per_layer_bytes": [
        163577856,
        28369920,
        28369920,
        28369920,
        28369920,
        28369920,
        28369920,
        28369920,
        28369920,
        28369920,
        28369920,
        28369920,
        28369920,
        157298688
      ]
    }
  },
  "execution_time": {
    "total_time_ms": 141.11781120300293,
    "forward_backward_time_ms": 64.4376277923584,
    "batch_generator_time_ms": 0.9176731109619141,
    "layernorm_grads_all_reduce_time_ms": 3.6613941192626953,
    "embedding_grads_all_reduce_time_ms": 0.013113021850585938,
    "optimizer_time_ms": 5.216121673583984,
    "layer_compute_total_ms": [
      1.5125274658203125,
      4.155635833740234,
      4.015684127807617,
      4.016637802124023,
      4.0378570556640625,
      4.040718078613281,
      4.044532775878906,
      4.096031188964844,
      4.036903381347656,
      4.024267196655273,
      4.029035568237305,
      4.114866256713867,
      4.152536392211914,
      1.4245019273451984
    ]
  },
  "execution_memory": {
    "total_memory_mb": 9175.9453125,
    "layer_memory_total_mb": [
      102.0703125,
      756.125,
      756.125,
      756.5,
      756.125,
      756.125,
      756.125,
      756.125,
      756.125,
      756.125,
      756.125,
      756.125,
      756.125,
      800.0
    ]
  }
}