{
  "model": {
    "model_name": "GPT-125M",
    "num_layers": 12,
    "parameters": {
      "total_parameters_bytes": 661315584,
      "parameters_per_layer_bytes": [
        163577856,
        28369920,
        28369920,
        28369920,
        28369920,
        28369920,
        28369920,
        28369920,
        28369920,
        28369920,
        28369920,
        28369920,
        28369920,
        157298688
      ]
    }
  },
  "execution_time": {
    "total_time_ms": 44.975776142870274,
    "forward_backward_time_ms": 33.450534009371,
    "batch_generator_time_ms": 0.9176731109619141,
    "layernorm_grads_all_reduce_time_ms": 6.4738171704199186,
    "embedding_grads_all_reduce_time_ms": 0.023185514382567923,
    "optimizer_time_ms": 2.886535822845819,
    "layer_compute_total_ms": [
      0.8823501059949546,
      2.3298699712465094,
      2.2555416574434917,
      2.2560488927972795,
      2.267332235229565,
      2.268853198227398,
      2.270881006275598,
      2.2982405240192514,
      2.2668252271796123,
      2.2601064072741166,
      2.262642021576179,
      2.3082396605411146,
      2.3282262025765736,
      0.8322637673322634
    ]
  },
  "execution_memory": {
    "total_memory_mb": 4590.937397574506,
    "layer_memory_total_mb": [
      60.61137561447282,
      425.1988039411109,
      425.1988039411109,
      425.39862942387407,
      425.1988039411109,
      425.1988039411109,
      425.1988039411109,
      425.1988039411109,
      425.1988039411109,
      425.1988039411109,
      425.1988039411109,
      425.1988039411109,
      425.1988039411109,
      448.52245277701064
    ]
  }
}