{
  "model": {
    "model_name": "GPT-125M",
    "num_layers": 12,
    "parameters": {
      "total_parameters_bytes": 661315584,
      "parameters_per_layer_bytes": [
        163577856,
        28369920,
        28369920,
        28369920,
        28369920,
        28369920,
        28369920,
        28369920,
        28369920,
        28369920,
        28369920,
        28369920,
        28369920,
        157298688
      ]
    }
  },
  "execution_time": {
    "total_time_ms": 16.84277170224349,
    "forward_backward_time_ms": 10.281886556746477,
    "batch_generator_time_ms": 0.3407001495361328,
    "layernorm_grads_all_reduce_time_ms": 3.439044115145256,
    "embedding_grads_all_reduce_time_ms": 0.0236070691895237,
    "optimizer_time_ms": 2.2961972134363515,
    "layer_compute_total_ms": [
      0.2884222782454738,
      0.7716775297765978,
      0.6945722371412031,
      0.6996758511660801,
      0.7212028504854016,
      0.6949551217076807,
      0.6940616956917297,
      0.7350569017651968,
      0.6934234727379847,
      0.6901038855516469,
      0.6907423756794137,
      0.6926575374705052,
      0.7091089553324761,
      0.16511022615858784
    ]
  },
  "execution_memory": {
    "total_memory_mb": 577.395558476338,
    "layer_memory_total_mb": [
      8.163803654265214,
      54.14816625852114,
      53.41623061862137,
      53.54937620159224,
      53.14985049263886,
      53.14985049263886,
      53.14985049263886,
      53.14985049263886,
      53.14985049263886,
      53.14985049263886,
      53.682492212956014,
      53.682492212956014,
      53.682492212956014,
      56.06530659712633
    ]
  }
}