{
  "model": {
    "model_name": "GPT-125M",
    "num_layers": 12,
    "parameters": {
      "total_parameters_bytes": 661315584,
      "parameters_per_layer_bytes": [
        163577856,
        28369920,
        28369920,
        28369920,
        28369920,
        28369920,
        28369920,
        28369920,
        28369920,
        28369920,
        28369920,
        28369920,
        28369920,
        157298688
      ]
    }
  },
  "execution_time": {
    "total_time_ms": 42.71578788757324,
    "forward_backward_time_ms": 28.871774673461914,
    "batch_generator_time_ms": 0.4553794860839844,
    "layernorm_grads_all_reduce_time_ms": 1.9237995147705078,
    "embedding_grads_all_reduce_time_ms": 0.01239776611328125,
    "optimizer_time_ms": 4.424333572387695,
    "layer_compute_total_ms": [
      0.6284713745117188,
      1.5025138854980469,
      1.3496875762939453,
      1.3551712036132812,
      5.913496017456055,
      1.7015933990478516,
      1.401662826538086,
      1.4805793762207031,
      1.3663768768310547,
      1.3585090637207031,
      1.3723373413085938,
      1.369476318359375,
      1.4240741729736328,
      0.41839737746044786
    ]
  },
  "execution_memory": {
    "total_memory_mb": 2299.892578125,
    "layer_memory_total_mb": [
      26.267578125,
      189.53125,
      190.03125,
      190.15625,
      189.90625,
      189.40625,
      189.40625,
      189.53125,
      189.03125,
      189.03125,
      189.03125,
      189.53125,
      189.03125,
      200.0
    ]
  }
}