{
  "model": {
    "model_name": "GPT-125M",
    "num_layers": 12,
    "parameters": {
      "total_parameters_bytes": 661315584,
      "parameters_per_layer_bytes": [
        163577856,
        28369920,
        28369920,
        28369920,
        28369920,
        28369920,
        28369920,
        28369920,
        28369920,
        28369920,
        28369920,
        28369920,
        28369920,
        157298688
      ]
    }
  },
  "execution_time": {
    "total_time_ms": 75.12736320495605,
    "forward_backward_time_ms": 37.02712059020996,
    "batch_generator_time_ms": 2.4704933166503906,
    "layernorm_grads_all_reduce_time_ms": 2.192974090576172,
    "embedding_grads_all_reduce_time_ms": 0.012159347534179688,
    "optimizer_time_ms": 4.555463790893555,
    "layer_compute_total_ms": [
      0.9775161743164062,
      2.356290817260742,
      2.2118091583251953,
      2.217531204223633,
      2.2339820861816406,
      2.2232532501220703,
      2.238750457763672,
      2.3279190063476562,
      2.221345901489258,
      2.217531204223633,
      2.230405807495117,
      2.2382736206054688,
      2.4101734161376953,
      0.7684390882024444
    ]
  },
  "execution_memory": {
    "total_memory_mb": 4591.53515625,
    "layer_memory_total_mb": [
      51.03515625,
      378.0625,
      378.0625,
      378.4375,
      378.0625,
      379.0625,
      380.4375,
      378.0625,
      378.0625,
      378.0625,
      378.0625,
      378.0625,
      378.0625,
      400.0
    ]
  }
}