{
  "model": {
    "model_name": "GPT-125M",
    "num_layers": 12,
    "parameters": {
      "total_parameters_bytes": 661315584,
      "parameters_per_layer_bytes": [
        163577856,
        28369920,
        28369920,
        28369920,
        28369920,
        28369920,
        28369920,
        28369920,
        28369920,
        28369920,
        28369920,
        28369920,
        28369920,
        157298688
      ]
    }
  },
  "execution_time": {
    "total_time_ms": 119.2842162669584,
    "forward_backward_time_ms": 104.0258451976887,
    "batch_generator_time_ms": 0.9176731109619141,
    "layernorm_grads_all_reduce_time_ms": 0.2588996610327199,
    "embedding_grads_all_reduce_time_ms": 0.0009272306672396688,
    "optimizer_time_ms": 9.31834340295266,
    "layer_compute_total_ms": [
      2.520709439301432,
      7.303063449974899,
      7.040569881456502,
      7.042355637306975,
      7.082099281737991,
      7.087459521543533,
      7.094607078413232,
      7.19116265978237,
      7.080312616672175,
      7.056643157524627,
      7.065574186644501,
      7.226506384691009,
      7.297240758541361,
      2.36895264005174
    ]
  },
  "execution_memory": {
    "total_memory_mb": 18340.031659701977,
    "layer_memory_total_mb": [
      165.83574754210875,
      1323.7047842355564,
      1323.7047842355564,
      1324.4054823045035,
      1323.7047842355564,
      1323.7047842355564,
      1323.7047842355564,
      1323.7047842355564,
      1323.7047842355564,
      1323.7047842355564,
      1323.7047842355564,
      1323.7047842355564,
      1323.7047842355564,
      1405.9101888919572
    ]
  }
}