{
  "model": {
    "model_name": "MoE-690M",
    "num_layers": 8,
    "parameters": {
      "total_parameters_bytes": 3750939648,
      "parameters_per_layer_bytes": [
        49152000,
        456579072,
        456579072,
        456579072,
        456579072,
        456579072,
        456579072,
        456579072,
        456579072,
        49155072
      ]
    }
  },
  "execution_time": {
    "total_time_ms": 117.89502651873923,
    "forward_backward_time_ms": 67.01156847314932,
    "batch_generator_time_ms": 0.7429122924804688,
    "layernorm_grads_all_reduce_time_ms": 0.04976699872166367,
    "embedding_grads_all_reduce_time_ms": 0.0008766544490265959,
    "optimizer_time_ms": 45.21876551057448,
    "layer_compute_total_ms": [
      1.4381772714851304,
      9.836300490625975,
      6.783487614570803,
      6.81079879232353,
      6.74708723594624,
      6.522987844535849,
      6.6656801038814155,
      6.426710331095143,
      6.565768202384831,
      0.47393122023745776
    ]
  },
  "execution_memory": {
    "total_memory_mb": 1744.2786494452887,
    "layer_memory_total_mb": [
      9.69357197216273,
      190.23633107025506,
      189.29789643198944,
      191.81355118016717,
      191.17518516423738,
      191.17518516423738,
      191.17518516423738,
      191.17518516423738,
      191.17518516423738,
      106.22427839168027
    ]
  }
}