{
  "model": {
    "model_name": "MoE-690M",
    "num_layers": 8,
    "parameters": {
      "total_parameters_bytes": 3750939648,
      "parameters_per_layer_bytes": [
        49152000,
        456579072,
        456579072,
        456579072,
        456579072,
        456579072,
        456579072,
        456579072,
        456579072,
        49155072
      ]
    }
  },
  "execution_time": {
    "total_time_ms": 89.45083618164062,
    "forward_backward_time_ms": 37.029266357421875,
    "batch_generator_time_ms": 0.3516674041748047,
    "layernorm_grads_all_reduce_time_ms": 0.7121562957763672,
    "embedding_grads_all_reduce_time_ms": 0.013113021850585938,
    "optimizer_time_ms": 23.302555084228516,
    "layer_compute_total_ms": [
      0.5624294281005859,
      4.244327545166016,
      3.9069652557373047,
      3.7813186645507812,
      3.957033157348633,
      3.9734840393066406,
      3.749847412109375,
      3.687143325805664,
      3.7565231323242188,
      0.24035228718919446
    ]
  },
  "execution_memory": {
    "total_memory_mb": 418.9072265625,
    "layer_memory_total_mb": [
      2.7587890625,
      52.81494140625,
      51.90478515625,
      51.90478515625,
      51.90478515625,
      51.90478515625,
      51.90478515625,
      51.90478515625,
      51.90478515625,
      31.25
    ]
  }
}