{
  "model": {
    "model_name": "MoE-690M",
    "num_layers": 8,
    "parameters": {
      "total_parameters_bytes": 3750939648,
      "parameters_per_layer_bytes": [
        49152000,
        456579072,
        456579072,
        456579072,
        456579072,
        456579072,
        456579072,
        456579072,
        456579072,
        49155072
      ]
    }
  },
  "execution_time": {
    "total_time_ms": 37.92091624697604,
    "forward_backward_time_ms": 22.23436856062437,
    "batch_generator_time_ms": 0.8952617645263672,
    "layernorm_grads_all_reduce_time_ms": 1.2709877429716778,
    "embedding_grads_all_reduce_time_ms": 0.02234240476865636,
    "optimizer_time_ms": 12.587459622088659,
    "layer_compute_total_ms": [
      0.39441270896924163,
      2.7118991380751107,
      2.3605546401383366,
      2.2461353761854506,
      2.2728595669898093,
      2.2484491036724936,
      2.2751709834177354,
      2.2224723905209323,
      2.336351420100722,
      0.2659282029078828
    ]
  },
  "execution_memory": {
    "total_memory_mb": 854.9534010040213,
    "layer_memory_total_mb": [
      7.187513203397504,
      118.40673192542181,
      118.14137725212292,
      118.48446235737624,
      119.22008216371448,
      118.67203279564275,
      118.45647993369417,
      118.67203279564275,
      118.67203279564275,
      71.81672879510784
    ]
  }
}