{
  "model": {
    "model_name": "MoE-690M",
    "num_layers": 8,
    "parameters": {
      "total_parameters_bytes": 3750939648,
      "parameters_per_layer_bytes": [
        49152000,
        456579072,
        456579072,
        456579072,
        456579072,
        456579072,
        456579072,
        456579072,
        456579072,
        49155072
      ]
    }
  },
  "execution_time": {
    "total_time_ms": 93.69182586669922,
    "forward_backward_time_ms": 39.51430320739746,
    "batch_generator_time_ms": 0.8952617645263672,
    "layernorm_grads_all_reduce_time_ms": 0.7188320159912109,
    "embedding_grads_all_reduce_time_ms": 0.012636184692382812,
    "optimizer_time_ms": 24.79267120361328,
    "layer_compute_total_ms": [
      0.6647109985351562,
      4.8370361328125,
      4.178524017333984,
      3.9658546447753906,
      4.015445709228516,
      3.9701461791992188,
      4.019737243652344,
      3.921985626220703,
      4.133462905883789,
      0.4465713241669347
    ]
  },
  "execution_memory": {
    "total_memory_mb": 1703.703125,
    "layer_memory_total_mb": [
      12.03515625,
      211.11181640625,
      210.61181640625,
      211.25830078125,
      212.64501953125,
      211.61181640625,
      211.20556640625,
      211.61181640625,
      211.61181640625,
      125.0
    ]
  }
}