{
  "model": {
    "model_name": "MoE-690M",
    "num_layers": 8,
    "parameters": {
      "total_parameters_bytes": 3750939648,
      "parameters_per_layer_bytes": [
        49152000,
        456579072,
        456579072,
        456579072,
        456579072,
        456579072,
        456579072,
        456579072,
        456579072,
        49155072
      ]
    }
  },
  "execution_time": {
    "total_time_ms": 100.83818435668945,
    "forward_backward_time_ms": 44.027090072631836,
    "batch_generator_time_ms": 0.9825229644775391,
    "layernorm_grads_all_reduce_time_ms": 0.7679462432861328,
    "embedding_grads_all_reduce_time_ms": 0.01239776611328125,
    "optimizer_time_ms": 23.45752716064453,
    "layer_compute_total_ms": [
      0.7615089416503906,
      4.863977432250977,
      4.4269561767578125,
      4.313230514526367,
      4.268646240234375,
      4.221200942993164,
      4.278659820556641,
      4.1828155517578125,
      4.299402236938477,
      0.7482934950533144
    ]
  },
  "execution_memory": {
    "total_memory_mb": 3394.845703125,
    "layer_memory_total_mb": [
      24.0703125,
      421.22705078125,
      421.22119140625,
      421.22119140625,
      422.22119140625,
      421.22119140625,
      421.22119140625,
      421.22119140625,
      421.22119140625,
      250.0
    ]
  }
}