{
  "model": {
    "model_name": "MoE-690M",
    "num_layers": 8,
    "parameters": {
      "total_parameters_bytes": 3750939648,
      "parameters_per_layer_bytes": [
        49152000,
        456579072,
        456579072,
        456579072,
        456579072,
        456579072,
        456579072,
        456579072,
        456579072,
        49155072
      ]
    }
  },
  "execution_time": {
    "total_time_ms": 35.436554821499016,
    "forward_backward_time_ms": 20.66575871557385,
    "batch_generator_time_ms": 0.3516674041748047,
    "layernorm_grads_all_reduce_time_ms": 1.259184208376916,
    "embedding_grads_all_reduce_time_ms": 0.023185514382567923,
    "optimizer_time_ms": 11.800971391665726,
    "layer_compute_total_ms": [
      0.33385196024283265,
      2.3795952511836123,
      2.200059508723802,
      2.1328650458240768,
      2.226784685870291,
      2.2355595990106965,
      2.1160057282987585,
      2.0823798989067552,
      2.1195829215371664,
      0.14354037046622592
    ]
  },
  "execution_memory": {
    "total_memory_mb": 210.2475608450464,
    "layer_memory_total_mb": [
      1.648161446602189,
      29.610858828506686,
      29.127820361071556,
      29.127820361071556,
      29.127820361071556,
      29.127820361071556,
      29.127820361071556,
      29.127820361071556,
      29.127820361071556,
      17.9496976120732
    ]
  }
}