{
  "model": {
    "model_name": "MoE-690M",
    "num_layers": 8,
    "parameters": {
      "total_parameters_bytes": 3750939648,
      "parameters_per_layer_bytes": [
        49152000,
        456579072,
        456579072,
        456579072,
        456579072,
        456579072,
        456579072,
        456579072,
        456579072,
        49155072
      ]
    }
  },
  "execution_time": {
    "total_time_ms": 38.79607129000326,
    "forward_backward_time_ms": 23.62972712301148,
    "batch_generator_time_ms": 0.9825229644775391,
    "layernorm_grads_all_reduce_time_ms": 1.3578280332045687,
    "embedding_grads_all_reduce_time_ms": 0.02192084996170058,
    "optimizer_time_ms": 11.93916331763488,
    "layer_compute_total_ms": [
      0.4511715858650757,
      2.7270038602065427,
      2.4943241537107412,
      2.4334642542993885,
      2.409569026654812,
      2.384117819530338,
      2.4149376549001653,
      2.363509466811005,
      2.4260550915390713,
      0.4434358891015398
    ]
  },
  "execution_memory": {
    "total_memory_mb": 1703.5162542900655,
    "layer_memory_total_mb": [
      14.374545180976208,
      236.192333053966,
      236.18922504188183,
      236.18922504188183,
      236.71960547995366,
      236.18922504188183,
      236.18922504188183,
      236.18922504188183,
      236.18922504188183,
      143.59369361931422
    ]
  }
}