{
  "model": {
    "model_name": "MoE-690M",
    "num_layers": 8,
    "parameters": {
      "total_parameters_bytes": 3750939648,
      "parameters_per_layer_bytes": [
        49152000,
        456579072,
        456579072,
        456579072,
        456579072,
        456579072,
        456579072,
        456579072,
        456579072,
        49155072
      ]
    }
  },
  "execution_time": {
    "total_time_ms": 108.33454132080078,
    "forward_backward_time_ms": 39.33215141296387,
    "batch_generator_time_ms": 0.7429122924804688,
    "layernorm_grads_all_reduce_time_ms": 0.7038116455078125,
    "embedding_grads_all_reduce_time_ms": 0.01239776611328125,
    "optimizer_time_ms": 23.1935977935791,
    "layer_compute_total_ms": [
      0.8821487426757812,
      5.597114562988281,
      3.946542739868164,
      3.9615631103515625,
      3.926515579223633,
      3.8030147552490234,
      3.881692886352539,
      3.749847412109375,
      3.826618194580078,
      0.2942979335784912
    ]
  },
  "execution_memory": {
    "total_memory_mb": 875.314453125,
    "layer_memory_total_mb": [
      6.017578125,
      108.30712890625,
      107.80712890625,
      109.14697265625,
      108.80712890625,
      108.80712890625,
      108.80712890625,
      108.80712890625,
      108.80712890625,
      62.5
    ]
  }
}