{
  "model": {
    "model_name": "MoE-690M",
    "num_layers": 8,
    "parameters": {
      "total_parameters_bytes": 3750939648,
      "parameters_per_layer_bytes": [
        49152000,
        456579072,
        456579072,
        456579072,
        456579072,
        456579072,
        456579072,
        456579072,
        456579072,
        49155072
      ]
    }
  },
  "execution_time": {
    "total_time_ms": 37.11973045438011,
    "forward_backward_time_ms": 22.19686718623613,
    "batch_generator_time_ms": 0.7429122924804688,
    "layernorm_grads_all_reduce_time_ms": 1.2444297901334638,
    "embedding_grads_all_reduce_time_ms": 0.02192084996170058,
    "optimizer_time_ms": 11.88890641593548,
    "layer_compute_total_ms": [
      0.5226044248044986,
      3.1380394403317875,
      2.250670836225463,
      2.2588634122706797,
      2.239743770237073,
      2.172267794115061,
      2.2152728603821856,
      2.143169829335589,
      2.1851761439838704,
      0.17581512851912676
    ]
  },
  "execution_memory": {
    "total_memory_mb": 439.2447907636778,
    "layer_memory_total_mb": [
      3.5941851319593177,
      60.748046138686234,
      60.48265479825264,
      61.1935848612082,
      61.013332615190656,
      61.013332615190656,
      61.013332615190656,
      61.013332615190656,
      61.013332615190656,
      35.94393040207993
    ]
  }
}