{
  "model": {
    "model_name": "MoE-690M",
    "num_layers": 8,
    "parameters": {
      "total_parameters_bytes": 3750939648,
      "parameters_per_layer_bytes": [
        49152000,
        456579072,
        456579072,
        456579072,
        456579072,
        456579072,
        456579072,
        456579072,
        456579072,
        49155072
      ]
    }
  },
  "execution_time": {
    "total_time_ms": 122.89313262703347,
    "forward_backward_time_ms": 68.16850975382177,
    "batch_generator_time_ms": 0.8952617645263672,
    "layernorm_grads_all_reduce_time_ms": 0.0508290993041382,
    "embedding_grads_all_reduce_time_ms": 0.0008935131884309535,
    "optimizer_time_ms": 48.82084632609849,
    "layer_compute_total_ms": [
      1.0811931582636585,
      8.500547978949555,
      7.271877508782591,
      6.87887707435976,
      6.9703445689548245,
      6.886788302106901,
      6.978265040938433,
      6.798052942799084,
      7.188445943132268,
      0.7225724850362075
    ]
  },
  "execution_memory": {
    "total_memory_mb": 3394.9988959839147,
    "layer_memory_total_mb": [
      19.390572186409983,
      370.82033792331276,
      369.8817566165083,
      371.0953536954951,
      373.699749470142,
      371.759134442429,
      370.9963458902233,
      371.759134442429,
      371.759134442429,
      212.73308481956866
    ]
  }
}