{
  "model": {
    "model_name": "MoE-690M",
    "num_layers": 8,
    "parameters": {
      "total_parameters_bytes": 3750939648,
      "parameters_per_layer_bytes": [
        49152000,
        456579072,
        456579072,
        456579072,
        456579072,
        456579072,
        456579072,
        456579072,
        456579072,
        49155072
      ]
    }
  },
  "execution_time": {
    "total_time_ms": 115.44533251897852,
    "forward_backward_time_ms": 63.89031667684129,
    "batch_generator_time_ms": 0.3516674041748047,
    "layernorm_grads_all_reduce_time_ms": 0.050357054600816194,
    "embedding_grads_all_reduce_time_ms": 0.0009272306672396688,
    "optimizer_time_ms": 46.00633477025115,
    "layer_compute_total_ms": [
      0.9143098714310132,
      7.458929175929613,
      6.827622988054008,
      6.593814474906816,
      6.920993885913367,
      6.951697761183776,
      6.535366735242465,
      6.419053707595634,
      6.54776084314821,
      0.38724766689187423
    ]
  },
  "execution_memory": {
    "total_memory_mb": 834.6386628698144,
    "layer_memory_total_mb": [
      4.442510463591244,
      92.81633031097324,
      91.10785918071377,
      91.10785918071377,
      91.10785918071377,
      91.10785918071377,
      91.10785918071377,
      91.10785918071377,
      91.10785918071377,
      53.201209551707194
    ]
  }
}