{
  "model": {
    "model_name": "MoE-690M",
    "num_layers": 8,
    "parameters": {
      "total_parameters_bytes": 3750939648,
      "parameters_per_layer_bytes": [
        49152000,
        456579072,
        456579072,
        456579072,
        456579072,
        456579072,
        456579072,
        456579072,
        456579072,
        49155072
      ]
    }
  },
  "execution_time": {
    "total_time_ms": 124.83167104440066,
    "forward_backward_time_ms": 72.75867173046299,
    "batch_generator_time_ms": 0.9825229644775391,
    "layernorm_grads_all_reduce_time_ms": 0.05430199962143587,
    "embedding_grads_all_reduce_time_ms": 0.0008766544490265959,
    "optimizer_time_ms": 46.0734553720386,
    "layer_compute_total_ms": [
      1.2413494231412594,
      8.547894288177735,
      7.730528092188286,
      7.519065040907914,
      7.436308854318251,
      7.348332493851304,
      7.454888662625902,
      7.277224339787229,
      7.493388581597619,
      1.2194304238070985
    ]
  },
  "execution_memory": {
    "total_memory_mb": 6765.317795339738,
    "layer_memory_total_mb": [
      38.78306927609517,
      740.138870909136,
      740.1278654574727,
      740.1278654574727,
      742.0063437051853,
      740.1278654574727,
      740.1278654574727,
      740.1278654574727,
      740.1278654574727,
      425.62522552274305
    ]
  }
}