{
  "model": {
    "model_name": "GPT-760M",
    "num_layers": 24,
    "parameters": {
      "total_parameters_bytes": 3362463744,
      "parameters_per_layer_bytes": [
        327155712,
        113362944,
        113362944,
        113362944,
        113362944,
        113362944,
        113362944,
        113362944,
        113362944,
        113362944,
        113362944,
        113362944,
        113362944,
        113362944,
        113362944,
        113362944,
        113362944,
        113362944,
        113362944,
        113362944,
        113362944,
        113362944,
        113362944,
        113362944,
        113362944,
        314597376
      ]
    }
  },
  "execution_time": {
    "total_time_ms": 155.30477053921547,
    "forward_backward_time_ms": 108.07059846118125,
    "batch_generator_time_ms": 0.8518695831298828,
    "layernorm_grads_all_reduce_time_ms": 0.29236425875036975,
    "embedding_grads_all_reduce_time_ms": 0.0008766544490265959,
    "optimizer_time_ms": 39.545465901062656,
    "layer_compute_total_ms": [
      1.885219637682609,
      4.163242706224042,
      3.754836068148676,
      3.7069612751833723,
      3.691161347908786,
      3.7016939725484614,
      3.689844955690136,
      3.6994994578803317,
      3.716180641210805,
      3.7227671373763247,
      3.70476648557914,
      3.6964273299297488,
      3.7368217623936797,
      3.7034496667870043,
      3.7153025194273805,
      3.7025718105021874,
      3.6872122952604225,
      3.684579800234831,
      4.059131327149022,
      3.7008161529285175,
      3.9534924204735487,
      3.6766833083112256,
      3.6766833083112256,
      3.7302330752813666,
      4.642871261570388,
      1.1719837205122028
    ]
  },
  "execution_memory": {
    "total_memory_mb": 14828.517559777927,
    "layer_memory_total_mb": [
      83.24999676328439,
      538.5129657440343,
      537.5741369206255,
      537.5741369206255,
      537.5741369206255,
      537.5741369206255,
      539.4519428469415,
      541.3303410901572,
      541.3303410901572,
      537.5741369206255,
      537.5741369206255,
      537.5741369206255,
      537.5741369206255,
      541.3303410901572,
      537.5741369206255,
      541.3303410901572,
      537.5741369206255,
      541.3303410901572,
      537.5741369206255,
      541.3303410901572,
      537.5741369206255,
      541.3303410901572,
      537.5741369206255,
      541.3303410901572,
      539.4519428469415,
      342.17713714736107
    ]
  }
}