{
  "model": {
    "model_name": "GPT-760M",
    "num_layers": 24,
    "parameters": {
      "total_parameters_bytes": 3362463744,
      "parameters_per_layer_bytes": [
        327155712,
        113362944,
        113362944,
        113362944,
        113362944,
        113362944,
        113362944,
        113362944,
        113362944,
        113362944,
        113362944,
        113362944,
        113362944,
        113362944,
        113362944,
        113362944,
        113362944,
        113362944,
        113362944,
        113362944,
        113362944,
        113362944,
        113362944,
        113362944,
        113362944,
        314597376
      ]
    }
  },
  "execution_time": {
    "total_time_ms": 261.01160049438477,
    "forward_backward_time_ms": 112.18023300170898,
    "batch_generator_time_ms": 0.6439685821533203,
    "layernorm_grads_all_reduce_time_ms": 6.511449813842773,
    "embedding_grads_all_reduce_time_ms": 0.0133514404296875,
    "optimizer_time_ms": 20.522117614746094,
    "layer_compute_total_ms": [
      1.5611648559570312,
      4.002809524536133,
      3.9463043212890625,
      3.9386749267578125,
      3.924131393432617,
      3.945589065551758,
      3.9386749267578125,
      3.9300918579101562,
      4.078388214111328,
      4.021883010864258,
      4.003286361694336,
      4.008293151855469,
      3.9920806884765625,
      3.974437713623047,
      3.9603710174560547,
      4.022836685180664,
      3.988981246948242,
      3.9663314819335938,
      4.00853157043457,
      3.982067108154297,
      4.122018814086914,
      3.9610862731933594,
      3.9746761322021484,
      3.9823055267333984,
      3.9932727813720703,
      1.3588277493917071
    ]
  },
  "execution_memory": {
    "total_memory_mb": 14791.53515625,
    "layer_memory_total_mb": [
      102.03515625,
      612.0625,
      612.0625,
      612.0625,
      612.0625,
      612.0625,
      612.0625,
      612.0625,
      612.0625,
      612.0625,
      612.0625,
      612.0625,
      612.0625,
      612.0625,
      612.0625,
      612.0625,
      612.0625,
      612.0625,
      612.0625,
      612.0625,
      612.0625,
      612.0625,
      612.0625,
      612.0625,
      612.0625,
      400.0
    ]
  }
}