{
  "model": {
    "model_name": "GPT-760M",
    "num_layers": 24,
    "parameters": {
      "total_parameters_bytes": 3362463744,
      "parameters_per_layer_bytes": [
        327155712,
        113362944,
        113362944,
        113362944,
        113362944,
        113362944,
        113362944,
        113362944,
        113362944,
        113362944,
        113362944,
        113362944,
        113362944,
        113362944,
        113362944,
        113362944,
        113362944,
        113362944,
        113362944,
        113362944,
        113362944,
        113362944,
        113362944,
        113362944,
        113362944,
        314597376
      ]
    }
  },
  "execution_time": {
    "total_time_ms": 157.0924861077452,
    "forward_backward_time_ms": 121.51974828894022,
    "batch_generator_time_ms": 0.9329319000244141,
    "layernorm_grads_all_reduce_time_ms": 17.541738627043934,
    "embedding_grads_all_reduce_time_ms": 0.02192084996170058,
    "optimizer_time_ms": 10.528483765240058,
    "layer_compute_total_ms": [
      1.6112893208425967,
      4.296074819859075,
      4.280967348901157,
      4.23981022175906,
      4.256963334169597,
      4.363682976971272,
      4.388774181831726,
      4.248959316087175,
      4.24146227151172,
      4.245020337976341,
      4.260520244872792,
      4.264966010945151,
      4.236760133192507,
      4.249340490251262,
      4.287823429421201,
      4.233455650047833,
      4.209682020442636,
      4.196963958847293,
      4.372428351568658,
      4.486102473035232,
      4.297217208337982,
      4.219345465813785,
      4.207774528832672,
      4.215149737857108,
      4.223795075220535,
      1.5350174296125254
    ]
  },
  "execution_memory": {
    "total_memory_mb": 14791.551879068607,
    "layer_memory_total_mb": [
      120.81015192396966,
      686.3094343820727,
      686.3094343820727,
      686.3094343820727,
      686.3094343820727,
      686.3094343820727,
      686.3094343820727,
      686.3094343820727,
      686.3094343820727,
      686.3094343820727,
      686.3094343820727,
      686.3094343820727,
      686.3094343820727,
      686.3094343820727,
      686.3094343820727,
      686.3094343820727,
      686.3094343820727,
      686.3094343820727,
      686.3094343820727,
      686.3094343820727,
      686.3094343820727,
      686.3094343820727,
      686.3094343820727,
      686.3094343820727,
      686.3094343820727,
      457.7003142377671
    ]
  }
}