{
  "model": {
    "model_name": "GPT-760M",
    "num_layers": 24,
    "parameters": {
      "total_parameters_bytes": 3362463744,
      "parameters_per_layer_bytes": [
        327155712,
        113362944,
        113362944,
        113362944,
        113362944,
        113362944,
        113362944,
        113362944,
        113362944,
        113362944,
        113362944,
        113362944,
        113362944,
        113362944,
        113362944,
        113362944,
        113362944,
        113362944,
        113362944,
        113362944,
        113362944,
        113362944,
        113362944,
        113362944,
        113362944,
        314597376
      ]
    }
  },
  "execution_time": {
    "total_time_ms": 55.27724250051931,
    "forward_backward_time_ms": 35.33356059139296,
    "batch_generator_time_ms": 0.8518695831298828,
    "layernorm_grads_all_reduce_time_ms": 7.310603462227143,
    "embedding_grads_all_reduce_time_ms": 0.02192084996170058,
    "optimizer_time_ms": 9.978907954055625,
    "layer_compute_total_ms": [
      0.6530771096223165,
      1.3445672073551223,
      1.2261316812050185,
      1.212112754324274,
      1.2074796672952643,
      1.210568557033783,
      1.2070935096126223,
      1.2099250928053076,
      1.2148147029785488,
      1.2167443576236923,
      1.2114693588298244,
      1.2090241947392426,
      1.2208600959006035,
      1.2110833077905534,
      1.2145573962662017,
      1.2108259347035548,
      1.2063211632454411,
      1.2055487755272298,
      1.31456668603501,
      1.210311174780566,
      1.2839943722986051,
      1.203231364084303,
      1.203231364084303,
      1.2189309889921582,
      1.481198459631817,
      0.4171660200980803
    ]
  },
  "execution_memory": {
    "total_memory_mb": 3707.1381881805182,
    "layer_memory_total_mb": [
      30.205078934178907,
      171.90300856399142,
      171.63771576984365,
      171.63771576984365,
      171.63771576984365,
      171.63771576984365,
      172.16826428826462,
      172.6986647274607,
      172.6986647274607,
      171.63771576984365,
      171.63771576984365,
      171.63771576984365,
      171.63771576984365,
      172.6986647274607,
      171.63771576984365,
      172.6986647274607,
      171.63771576984365,
      172.6986647274607,
      171.63771576984365,
      172.6986647274607,
      171.63771576984365,
      172.6986647274607,
      171.63771576984365,
      172.6986647274607,
      172.16826428826462,
      114.45571571315973
    ]
  }
}