{
  "model": {
    "model_name": "GPT-760M",
    "num_layers": 24,
    "parameters": {
      "total_parameters_bytes": 3362463744,
      "parameters_per_layer_bytes": [
        327155712,
        113362944,
        113362944,
        113362944,
        113362944,
        113362944,
        113362944,
        113362944,
        113362944,
        113362944,
        113362944,
        113362944,
        113362944,
        113362944,
        113362944,
        113362944,
        113362944,
        113362944,
        113362944,
        113362944,
        113362944,
        113362944,
        113362944,
        113362944,
        113362944,
        314597376
      ]
    }
  },
  "execution_time": {
    "total_time_ms": 89.29228782653809,
    "forward_backward_time_ms": 47.36495018005371,
    "batch_generator_time_ms": 0.5335807800292969,
    "layernorm_grads_all_reduce_time_ms": 3.8263797760009766,
    "embedding_grads_all_reduce_time_ms": 0.0133514404296875,
    "optimizer_time_ms": 19.66071128845215,
    "layer_compute_total_ms": [
      0.7727146148681641,
      1.9924640655517578,
      1.5726089477539062,
      1.3997554779052734,
      1.3957023620605469,
      1.4710426330566406,
      1.4088153839111328,
      1.4705657958984375,
      1.4259815216064453,
      1.42669677734375,
      1.5115737915039062,
      1.4202594757080078,
      1.424551010131836,
      1.4691352844238281,
      1.5072822570800781,
      1.4257431030273438,
      1.398324966430664,
      1.506805419921875,
      1.3921260833740234,
      1.405477523803711,
      1.5985965728759766,
      1.3973712921142578,
      1.3887882232666016,
      1.5063285827636719,
      1.4193058013916016,
      0.42324194912740326
    ]
  },
  "execution_memory": {
    "total_memory_mb": 3736.8837890625,
    "layer_memory_total_mb": [
      26.0087890625,
      153.515625,
      154.015625,
      154.015625,
      153.515625,
      154.515625,
      155.015625,
      155.015625,
      155.015625,
      155.015625,
      155.015625,
      156.015625,
      155.015625,
      155.015625,
      155.015625,
      155.015625,
      156.015625,
      155.015625,
      154.015625,
      155.015625,
      154.015625,
      154.015625,
      154.015625,
      154.015625,
      154.015625,
      100.0
    ]
  }
}