{
  "model": {
    "model_name": "GPT-760M",
    "num_layers": 24,
    "parameters": {
      "total_parameters_bytes": 3362463744,
      "parameters_per_layer_bytes": [
        327155712,
        113362944,
        113362944,
        113362944,
        113362944,
        113362944,
        113362944,
        113362944,
        113362944,
        113362944,
        113362944,
        113362944,
        113362944,
        113362944,
        113362944,
        113362944,
        113362944,
        113362944,
        113362944,
        113362944,
        113362944,
        113362944,
        113362944,
        113362944,
        113362944,
        314597376
      ]
    }
  },
  "execution_time": {
    "total_time_ms": 117.47321336262567,
    "forward_backward_time_ms": 72.3429357814894,
    "batch_generator_time_ms": 0.5335807800292969,
    "layernorm_grads_all_reduce_time_ms": 0.2705659087005353,
    "embedding_grads_all_reduce_time_ms": 0.0009440894066440263,
    "optimizer_time_ms": 39.264805041951675,
    "layer_compute_total_ms": [
      1.2908251374680613,
      3.5015319134503864,
      2.721290877596486,
      2.4054523298458954,
      2.3980872855020032,
      2.5353004406633435,
      2.4219222843799675,
      2.5344299622129136,
      2.453154608940845,
      2.4544566944481656,
      2.6093846526855033,
      2.442740048920492,
      2.4505506148271654,
      2.5318186813030255,
      2.6015317323856464,
      2.4527205935400773,
      2.4028526837781907,
      2.6006593124043476,
      2.3915903084863954,
      2.4158532962825916,
      2.7690618364834916,
      2.401119718886495,
      2.3855278114199017,
      2.5997869177847677,
      2.4410046564001204,
      0.6942462794597316
    ]
  },
  "execution_memory": {
    "total_memory_mb": 7473.758170883495,
    "layer_memory_total_mb": [
      42.44607140424163,
      269.48687226646814,
      270.4248991825208,
      270.4248991825208,
      269.48687226646814,
      271.36322079958285,
      272.30183633282417,
      272.30183633282417,
      272.30183633282417,
      272.30183633282417,
      272.30183633282417,
      274.17994601730845,
      272.30183633282417,
      272.30183633282417,
      272.30183633282417,
      272.30183633282417,
      274.17994601730845,
      272.30183633282417,
      270.4248991825208,
      272.30183633282417,
      270.4248991825208,
      270.4248991825208,
      270.4248991825208,
      270.4248991825208,
      270.4248991825208,
      170.96799816745525
    ]
  }
}