{
  "model": {
    "model_name": "GPT-760M",
    "num_layers": 24,
    "parameters": {
      "total_parameters_bytes": 3362463744,
      "parameters_per_layer_bytes": [
        327155712,
        113362944,
        113362944,
        113362944,
        113362944,
        113362944,
        113362944,
        113362944,
        113362944,
        113362944,
        113362944,
        113362944,
        113362944,
        113362944,
        113362944,
        113362944,
        113362944,
        113362944,
        113362944,
        113362944,
        113362944,
        113362944,
        113362944,
        113362944,
        113362944,
        314597376
      ]
    }
  },
  "execution_time": {
    "total_time_ms": 42.58680720320322,
    "forward_backward_time_ms": 23.925213809063614,
    "batch_generator_time_ms": 0.5335807800292969,
    "layernorm_grads_all_reduce_time_ms": 6.765533096833319,
    "embedding_grads_all_reduce_time_ms": 0.0236070691895237,
    "optimizer_time_ms": 9.84451002796423,
    "layer_compute_total_ms": [
      0.4500083305011488,
      1.1170810871891612,
      0.8922862283547848,
      0.7983923954437995,
      0.7961805406850461,
      0.8372175228908048,
      0.8033348128161409,
      0.8369583053452092,
      0.8126928693712341,
      0.8130826037317086,
      0.8592276283325304,
      0.8095744634778849,
      0.8119133564250447,
      0.8361806140980717,
      0.8568993239836666,
      0.8125629546423244,
      0.7976117954861164,
      0.8566405918207881,
      0.7942285062524246,
      0.801514199733063,
      0.9063311137551037,
      0.7970913623926341,
      0.7924062704116261,
      0.85638185331748,
      0.8090546372915715,
      0.24968037926247033
    ]
  },
  "execution_memory": {
    "total_memory_mb": 1868.4442463416262,
    "layer_memory_total_mb": [
      15.397271211439593,
      86.14390693338297,
      86.4094002043698,
      86.4094002043698,
      86.14390693338297,
      86.67481980010427,
      86.94016591679394,
      86.94016591679394,
      86.94016591679394,
      86.94016591679394,
      86.94016591679394,
      87.47063849567287,
      86.94016591679394,
      86.94016591679394,
      86.94016591679394,
      86.94016591679394,
      87.47063849567287,
      86.94016591679394,
      86.4094002043698,
      86.94016591679394,
      86.4094002043698,
      86.4094002043698,
      86.4094002043698,
      86.4094002043698,
      86.4094002043698,
      57.25800045813618
    ]
  }
}