{
  "model": {
    "model_name": "GPT-760M",
    "num_layers": 24,
    "parameters": {
      "total_parameters_bytes": 3362463744,
      "parameters_per_layer_bytes": [
        327155712,
        113362944,
        113362944,
        113362944,
        113362944,
        113362944,
        113362944,
        113362944,
        113362944,
        113362944,
        113362944,
        113362944,
        113362944,
        113362944,
        113362944,
        113362944,
        113362944,
        113362944,
        113362944,
        113362944,
        113362944,
        113362944,
        113362944,
        113362944,
        113362944,
        314597376
      ]
    }
  },
  "execution_time": {
    "total_time_ms": 486.1443042755127,
    "forward_backward_time_ms": 208.38379859924316,
    "batch_generator_time_ms": 0.9329319000244141,
    "layernorm_grads_all_reduce_time_ms": 9.921073913574219,
    "embedding_grads_all_reduce_time_ms": 0.01239776611328125,
    "optimizer_time_ms": 19.909381866455078,
    "layer_compute_total_ms": [
      2.7582645416259766,
      7.643938064575195,
      7.615566253662109,
      7.538318634033203,
      7.570505142211914,
      7.771015167236328,
      7.8182220458984375,
      7.555484771728516,
      7.541418075561523,
      7.548093795776367,
      7.577180862426758,
      7.5855255126953125,
      7.532596588134766,
      7.55620002746582,
      7.628440856933594,
      7.526397705078125,
      7.481813430786133,
      7.457971572875977,
      7.787466049194336,
      8.001565933227539,
      7.646083831787109,
      7.499933242797852,
      7.478237152099609,
      7.4920654296875,
      7.508277893066406,
      2.624526090162063
    ]
  },
  "execution_memory": {
    "total_memory_mb": 29583.0703125,
    "layer_memory_total_mb": [
      204.0703125,
      1224.125,
      1224.125,
      1224.125,
      1224.125,
      1224.125,
      1224.125,
      1224.125,
      1224.125,
      1224.125,
      1224.125,
      1224.125,
      1224.125,
      1224.125,
      1224.125,
      1224.125,
      1224.125,
      1224.125,
      1224.125,
      1224.125,
      1224.125,
      1224.125,
      1224.125,
      1224.125,
      1224.125,
      800.0
    ]
  }
}