{
  "model": {
    "model_name": "GPT-760M",
    "num_layers": 24,
    "parameters": {
      "total_parameters_bytes": 3362463744,
      "parameters_per_layer_bytes": [
        327155712,
        113362944,
        113362944,
        113362944,
        113362944,
        113362944,
        113362944,
        113362944,
        113362944,
        113362944,
        113362944,
        113362944,
        113362944,
        113362944,
        113362944,
        113362944,
        113362944,
        113362944,
        113362944,
        113362944,
        113362944,
        113362944,
        113362944,
        113362944,
        113362944,
        314597376
      ]
    }
  },
  "execution_time": {
    "total_time_ms": 436.563226735643,
    "forward_backward_time_ms": 377.54850672959003,
    "batch_generator_time_ms": 0.9329319000244141,
    "layernorm_grads_all_reduce_time_ms": 0.701525864094129,
    "embedding_grads_all_reduce_time_ms": 0.0008766544490265959,
    "optimizer_time_ms": 37.52359240486008,
    "layer_compute_total_ms": [
      4.5879008831335195,
      13.391452978864482,
      13.338395619043808,
      13.194033649096571,
      13.25416723216927,
      13.629328761060227,
      13.717791456266843,
      13.226101822565361,
      13.199823216199212,
      13.212293831200105,
      13.266642470215864,
      13.282238007000647,
      13.183345819769032,
      13.227438148858232,
      13.362469710049567,
      13.17176822012117,
      13.08852564137399,
      13.044030456114735,
      13.66015079050271,
      14.061853840769224,
      13.395466493796507,
      13.12235110793627,
      13.081850493067751,
      13.107662767321566,
      13.13793127138349,
      4.358034642198151
    ]
  },
  "execution_memory": {
    "total_memory_mb": 59166.07373372557,
    "layer_memory_total_mb": [
      333.0406423041213,
      2151.262262471709,
      2151.262262471709,
      2151.262262471709,
      2151.262262471709,
      2151.262262471709,
      2151.262262471709,
      2151.262262471709,
      2151.262262471709,
      2151.262262471709,
      2151.262262471709,
      2151.262262471709,
      2151.262262471709,
      2151.262262471709,
      2151.262262471709,
      2151.262262471709,
      2151.262262471709,
      2151.262262471709,
      2151.262262471709,
      2151.262262471709,
      2151.262262471709,
      2151.262262471709,
      2151.262262471709,
      2151.262262471709,
      2151.262262471709,
      1369.1987430489314
    ]
  }
}