{
  "model": {
    "model_name": "GPT-760M",
    "num_layers": 24,
    "parameters": {
      "total_parameters_bytes": 3362463744,
      "parameters_per_layer_bytes": [
        327155712,
        113362944,
        113362944,
        113362944,
        113362944,
        113362944,
        113362944,
        113362944,
        113362944,
        113362944,
        113362944,
        113362944,
        113362944,
        113362944,
        113362944,
        113362944,
        113362944,
        113362944,
        113362944,
        113362944,
        113362944,
        113362944,
        113362944,
        113362944,
        113362944,
        314597376
      ]
    }
  },
  "execution_time": {
    "total_time_ms": 90.00616307803081,
    "forward_backward_time_ms": 63.75214299693607,
    "batch_generator_time_ms": 0.6439685821533203,
    "layernorm_grads_all_reduce_time_ms": 11.513083332769318,
    "embedding_grads_all_reduce_time_ms": 0.0236070691895237,
    "optimizer_time_ms": 10.431321913515381,
    "layer_compute_total_ms": [
      0.9097658755304603,
      2.247723589635492,
      2.2176640273815096,
      2.213602564137694,
      2.20585855260916,
      2.2172832934902953,
      2.213602564137694,
      2.209032621198606,
      2.2878734863090635,
      2.2578621088033684,
      2.247977102670608,
      2.2506388344170722,
      2.2420188663436242,
      2.2326349290800334,
      2.225150606244436,
      2.2583689270904603,
      2.2403705925161055,
      2.2283222045515623,
      2.2507655764849606,
      2.236693281451785,
      2.311022486109059,
      2.2255312194189267,
      2.2327617626034852,
      2.236820094311095,
      2.2426527888331647,
      0.7946481289325302
    ]
  },
  "execution_memory": {
    "total_memory_mb": 7395.775939534304,
    "layer_memory_total_mb": [
      60.40507596198483,
      343.15471719103635,
      343.15471719103635,
      343.15471719103635,
      343.15471719103635,
      343.15471719103635,
      343.15471719103635,
      343.15471719103635,
      343.15471719103635,
      343.15471719103635,
      343.15471719103635,
      343.15471719103635,
      343.15471719103635,
      343.15471719103635,
      343.15471719103635,
      343.15471719103635,
      343.15471719103635,
      343.15471719103635,
      343.15471719103635,
      343.15471719103635,
      343.15471719103635,
      343.15471719103635,
      343.15471719103635,
      343.15471719103635,
      343.15471719103635,
      228.85015711888354
    ]
  }
}