{
  "model": {
    "model_name": "GPT-760M",
    "num_layers": 24,
    "parameters": {
      "total_parameters_bytes": 3362463744,
      "parameters_per_layer_bytes": [
        327155712,
        113362944,
        113362944,
        113362944,
        113362944,
        113362944,
        113362944,
        113362944,
        113362944,
        113362944,
        113362944,
        113362944,
        113362944,
        113362944,
        113362944,
        113362944,
        113362944,
        113362944,
        113362944,
        113362944,
        113362944,
        113362944,
        113362944,
        113362944,
        113362944,
        314597376
      ]
    }
  },
  "execution_time": {
    "total_time_ms": 251.28255534691868,
    "forward_backward_time_ms": 198.49216345181588,
    "batch_generator_time_ms": 0.6439685821533203,
    "layernorm_grads_all_reduce_time_ms": 0.4604290318724108,
    "embedding_grads_all_reduce_time_ms": 0.0009440894066440263,
    "optimizer_time_ms": 40.36318280492285,
    "layer_compute_total_ms": [
      2.605595921706284,
      7.020343739602563,
      6.914561175630212,
      6.900289450480473,
      6.873091363293828,
      6.913223088245849,
      6.900289450480473,
      6.8842369468462,
      7.16205891120906,
      7.056083608243556,
      7.021237036094912,
      7.030617269753585,
      7.000247288531753,
      6.967211138172055,
      6.940881644846476,
      7.057871032360814,
      6.994442617728546,
      6.952037109528125,
      7.031063975798438,
      6.98149530681005,
      7.243985311911419,
      6.942220215097731,
      6.967657478394653,
      6.981941729689213,
      7.002479970155623,
      2.2567184818367076
    ]
  },
  "execution_memory": {
    "total_memory_mb": 29583.036866862785,
    "layer_memory_total_mb": [
      166.52032115206066,
      1075.6311312358546,
      1075.6311312358546,
      1075.6311312358546,
      1075.6311312358546,
      1075.6311312358546,
      1075.6311312358546,
      1075.6311312358546,
      1075.6311312358546,
      1075.6311312358546,
      1075.6311312358546,
      1075.6311312358546,
      1075.6311312358546,
      1075.6311312358546,
      1075.6311312358546,
      1075.6311312358546,
      1075.6311312358546,
      1075.6311312358546,
      1075.6311312358546,
      1075.6311312358546,
      1075.6311312358546,
      1075.6311312358546,
      1075.6311312358546,
      1075.6311312358546,
      1075.6311312358546,
      684.5993715244657
    ]
  }
}