{
  "model": {
    "model_name": "GPT-760M",
    "num_layers": 24,
    "parameters": {
      "total_parameters_bytes": 3362463744,
      "parameters_per_layer_bytes": [
        327155712,
        113362944,
        113362944,
        113362944,
        113362944,
        113362944,
        113362944,
        113362944,
        113362944,
        113362944,
        113362944,
        113362944,
        113362944,
        113362944,
        113362944,
        113362944,
        113362944,
        113362944,
        113362944,
        113362944,
        113362944,
        113362944,
        113362944,
        113362944,
        113362944,
        314597376
      ]
    }
  },
  "execution_time": {
    "total_time_ms": 143.21184158325195,
    "forward_backward_time_ms": 65.77229499816895,
    "batch_generator_time_ms": 0.8518695831298828,
    "layernorm_grads_all_reduce_time_ms": 4.134654998779297,
    "embedding_grads_all_reduce_time_ms": 0.01239776611328125,
    "optimizer_time_ms": 19.86527442932129,
    "layer_compute_total_ms": [
      1.1243820190429688,
      2.385377883911133,
      2.1648406982421875,
      2.138853073120117,
      2.130270004272461,
      2.1359920501708984,
      2.1295547485351562,
      2.1347999572753906,
      2.14385986328125,
      2.1474361419677734,
      2.1376609802246094,
      2.1331310272216797,
      2.1550655364990234,
      2.1369457244873047,
      2.143383026123047,
      2.1364688873291016,
      2.128124237060547,
      2.1266937255859375,
      2.3293495178222656,
      2.1355152130126953,
      2.272367477416992,
      2.1224021911621094,
      2.1224021911621094,
      2.1514892578125,
      2.641916275024414,
      0.710161950226131
    ]
  },
  "execution_memory": {
    "total_memory_mb": 7414.267578125,
    "layer_memory_total_mb": [
      51.017578125,
      306.53125,
      306.03125,
      306.03125,
      306.03125,
      306.03125,
      307.03125,
      308.03125,
      308.03125,
      306.03125,
      306.03125,
      306.03125,
      306.03125,
      308.03125,
      306.03125,
      308.03125,
      306.03125,
      308.03125,
      306.03125,
      308.03125,
      306.03125,
      308.03125,
      306.03125,
      308.03125,
      307.03125,
      200.0
    ]
  }
}