{
  "model": {
    "model_name": "GPT-125M",
    "num_layers": 0,
    "parameters": {
      "total_parameters_bytes": 333803520,
      "parameters_per_layer_bytes": [
        84934656,
        14184960,
        14184960,
        14184960,
        14184960,
        14184960,
        14184960,
        14184960,
        14184960,
        14184960,
        14184960,
        14184960,
        14184960,
        78649344
      ]
    }
  },
  "execution_time": {
    "total_time_ms": 38.70844841003418,
    "forward_backward_time_ms": 507.3213577270508,
    "batch_generator_time_ms": 0.3447532653808594,
    "layernorm_grads_all_reduce_time_ms": 0,
    "embedding_grads_all_reduce_time_ms": 0.011920928955078125,
    "optimizer_time_ms": 2.964019775390625,
    "layer_compute_total_ms": [
      0.45800209045410156,
      483.10112953186035,
      1.7337799072265625,
      1.5420913696289062,
      1.5215873718261719,
      1.4982223510742188,
      2.588510513305664,
      1.5003681182861328,
      1.5032291412353516,
      1.4677047729492188,
      1.5110969543457031,
      1.4870166778564453,
      1.4917850494384766,
      0.2667542124093769
    ]
  },
  "execution_memory": {
    "total_memory_mb": 239.2509765625,
    "layer_memory_total_mb": [
      11.9462890625,
      20.416015625,
      18.978515625,
      18.791015625,
      18.791015625,
      18.791015625,
      18.791015625,
      18.791015625,
      18.791015625,
      18.791015625,
      18.791015625,
      18.791015625,
      18.791015625,
      50.0
    ]
  }
}