{
  "model": {
    "model_name": "GPT-125M",
    "num_layers": 0,
    "parameters": {
      "total_parameters_bytes": 333803520,
      "parameters_per_layer_bytes": [
        84934656,
        14184960,
        14184960,
        14184960,
        14184960,
        14184960,
        14184960,
        14184960,
        14184960,
        14184960,
        14184960,
        14184960,
        14184960,
        78649344
      ]
    }
  },
  "execution_time": {
    "total_time_ms": 42.85717010498047,
    "forward_backward_time_ms": 25.556325912475586,
    "batch_generator_time_ms": 0.42366981506347656,
    "layernorm_grads_all_reduce_time_ms": 0,
    "embedding_grads_all_reduce_time_ms": 0.012159347534179688,
    "optimizer_time_ms": 3.173828125,
    "layer_compute_total_ms": [
      0.5679130554199219,
      1.8062591552734375,
      1.5232563018798828,
      1.5041828155517578,
      1.4979839324951172,
      1.748800277709961,
      1.5017986297607422,
      1.495361328125,
      1.4967918395996094,
      1.5063285827636719,
      1.5075206756591797,
      1.506805419921875,
      1.5683174133300781,
      0.26448666784026637
    ]
  },
  "execution_memory": {
    "total_memory_mb": 478.416015625,
    "layer_memory_total_mb": [
      22.517578125,
      42.017578125,
      37.580078125,
      37.580078125,
      37.580078125,
      37.580078125,
      37.580078125,
      37.580078125,
      37.580078125,
      37.580078125,
      37.580078125,
      37.580078125,
      38.080078125,
      100.0
    ]
  }
}