{
  "model": {
    "model_name": "GPT-125M",
    "num_layers": 0,
    "parameters": {
      "total_parameters_bytes": 333803520,
      "parameters_per_layer_bytes": [
        84934656,
        14184960,
        14184960,
        14184960,
        14184960,
        14184960,
        14184960,
        14184960,
        14184960,
        14184960,
        14184960,
        14184960,
        14184960,
        78649344
      ]
    }
  },
  "execution_time": {
    "total_time_ms": 67.63339042663574,
    "forward_backward_time_ms": 39.7641658782959,
    "batch_generator_time_ms": 1.6694068908691406,
    "layernorm_grads_all_reduce_time_ms": 0,
    "embedding_grads_all_reduce_time_ms": 0.012874603271484375,
    "optimizer_time_ms": 4.89044189453125,
    "layer_compute_total_ms": [
      1.5420913696289062,
      3.4818649291992188,
      1.9555091857910156,
      1.9538402557373047,
      1.959085464477539,
      2.2153854370117188,
      1.9297599792480469,
      1.9731521606445312,
      1.9407272338867188,
      1.9376277923583984,
      1.9474029541015625,
      1.9385814666748047,
      1.9681453704833984,
      1.0500176008357558
    ]
  },
  "execution_memory": {
    "total_memory_mb": 1905.84375,
    "layer_memory_total_mb": [
      90.0703125,
      162.314453125,
      150.314453125,
      150.314453125,
      150.314453125,
      150.314453125,
      150.314453125,
      150.314453125,
      150.314453125,
      150.314453125,
      150.314453125,
      150.314453125,
      150.314453125,
      400.0
    ]
  }
}