{
  "model": {
    "model_name": "GPT-125M",
    "num_layers": 0,
    "parameters": {
      "total_parameters_bytes": 333803520,
      "parameters_per_layer_bytes": [
        84934656,
        14184960,
        14184960,
        14184960,
        14184960,
        14184960,
        14184960,
        14184960,
        14184960,
        14184960,
        14184960,
        14184960,
        14184960,
        78649344
      ]
    }
  },
  "execution_time": {
    "total_time_ms": 43.48158836364746,
    "forward_backward_time_ms": 29.51979637145996,
    "batch_generator_time_ms": 0.6742477416992188,
    "layernorm_grads_all_reduce_time_ms": 0,
    "embedding_grads_all_reduce_time_ms": 0.01239776611328125,
    "optimizer_time_ms": 3.0198097229003906,
    "layer_compute_total_ms": [
      0.7026195526123047,
      2.0329952239990234,
      1.6167163848876953,
      1.6748905181884766,
      1.828908920288086,
      1.9288063049316406,
      1.6582012176513672,
      1.6710758209228516,
      1.6162395477294922,
      1.7304420471191406,
      1.6477108001708984,
      1.631021499633789,
      1.6720294952392578,
      0.389181468503695
    ]
  },
  "execution_memory": {
    "total_memory_mb": 953.24609375,
    "layer_memory_total_mb": [
      45.03515625,
      81.470703125,
      75.158203125,
      75.158203125,
      75.158203125,
      75.158203125,
      75.158203125,
      75.158203125,
      75.158203125,
      75.158203125,
      75.158203125,
      75.158203125,
      75.158203125,
      200.0
    ]
  }
}