{
  "model": {
    "model_name": "GPT-1.3B",
    "num_layers": 0,
    "parameters": {
      "total_parameters_bytes": 2854010880,
      "parameters_per_layer_bytes": [
        226492416,
        100741120,
        100741120,
        100741120,
        100741120,
        100741120,
        100741120,
        100741120,
        100741120,
        100741120,
        100741120,
        100741120,
        100741120,
        100741120,
        100741120,
        100741120,
        100741120,
        100741120,
        100741120,
        100741120,
        100741120,
        100741120,
        100741120,
        100741120,
        100741120,
        209731584
      ]
    }
  },
  "execution_time": {
    "total_time_ms": 92.03028678894043,
    "forward_backward_time_ms": 52.92201042175293,
    "batch_generator_time_ms": 1.3499259948730469,
    "layernorm_grads_all_reduce_time_ms": 0,
    "embedding_grads_all_reduce_time_ms": 0.011920928955078125,
    "optimizer_time_ms": 18.149852752685547,
    "layer_compute_total_ms": [
      0.7796287536621094,
      2.0172595977783203,
      1.7552375793457031,
      1.7387866973876953,
      1.7206668853759766,
      1.7199516296386719,
      1.7266273498535156,
      1.9366741180419922,
      1.7247200012207031,
      1.726388931274414,
      1.7642974853515625,
      1.7309188842773438,
      1.7266273498535156,
      1.7242431640625,
      1.743316650390625,
      1.7573833465576172,
      1.7576217651367188,
      1.7402172088623047,
      1.7337799072265625,
      1.7213821411132812,
      1.7316341400146484,
      1.737833023071289,
      1.7371177673339844,
      1.7342567443847656,
      1.7626285552978516,
      0.46713190525058573
    ]
  },
  "execution_memory": {
    "total_memory_mb": 2471.814453125,
    "layer_memory_total_mb": [
      60.017578125,
      108.158203125,
      100.158203125,
      100.158203125,
      100.158203125,
      100.158203125,
      100.158203125,
      100.158203125,
      100.158203125,
      100.158203125,
      100.158203125,
      100.158203125,
      100.158203125,
      100.158203125,
      100.158203125,
      100.158203125,
      100.158203125,
      100.158203125,
      100.158203125,
      100.158203125,
      100.158203125,
      100.158203125,
      100.158203125,
      100.158203125,
      100.158203125,
      100.0
    ]
  }
}