{
  "model": {
    "model_name": "GPT-1.3B",
    "num_layers": 0,
    "parameters": {
      "total_parameters_bytes": 2854010880,
      "parameters_per_layer_bytes": [
        226492416,
        100741120,
        100741120,
        100741120,
        100741120,
        100741120,
        100741120,
        100741120,
        100741120,
        100741120,
        100741120,
        100741120,
        100741120,
        100741120,
        100741120,
        100741120,
        100741120,
        100741120,
        100741120,
        100741120,
        100741120,
        100741120,
        100741120,
        100741120,
        100741120,
        209731584
      ]
    }
  },
  "execution_time": {
    "total_time_ms": 88.9899730682373,
    "forward_backward_time_ms": 511.1274719238281,
    "batch_generator_time_ms": 0.3666877746582031,
    "layernorm_grads_all_reduce_time_ms": 0,
    "embedding_grads_all_reduce_time_ms": 0.01239776611328125,
    "optimizer_time_ms": 17.960786819458008,
    "layer_compute_total_ms": [
      0.5450248718261719,
      464.8089408874512,
      1.7199516296386719,
      1.547098159790039,
      1.5461444854736328,
      1.5287399291992188,
      1.5401840209960938,
      2.6891231536865234,
      1.5425682067871094,
      1.5110969543457031,
      1.5091896057128906,
      1.5170574188232422,
      1.5149116516113281,
      1.5063285827636719,
      1.5215873718261719,
      1.505136489868164,
      1.5387535095214844,
      1.504659652709961,
      1.5070438385009766,
      1.5277862548828125,
      1.5091896057128906,
      1.514434814453125,
      1.5003681182861328,
      1.5218257904052734,
      1.8041133880615234,
      0.3372974313969497
    ]
  },
  "execution_memory": {
    "total_memory_mb": 1187.9306640625,
    "layer_memory_total_mb": [
      30.0087890625,
      52.080078125,
      48.080078125,
      48.080078125,
      48.080078125,
      48.080078125,
      48.080078125,
      48.080078125,
      48.080078125,
      48.080078125,
      48.080078125,
      48.080078125,
      48.080078125,
      48.080078125,
      48.080078125,
      48.080078125,
      48.080078125,
      48.080078125,
      48.080078125,
      48.080078125,
      48.080078125,
      48.080078125,
      48.080078125,
      48.080078125,
      48.080078125,
      50.0
    ]
  }
}