{
  "model": {
    "model_name": "GPT-1.3B",
    "num_layers": 0,
    "parameters": {
      "total_parameters_bytes": 2854010880,
      "parameters_per_layer_bytes": [
        226492416,
        100741120,
        100741120,
        100741120,
        100741120,
        100741120,
        100741120,
        100741120,
        100741120,
        100741120,
        100741120,
        100741120,
        100741120,
        100741120,
        100741120,
        100741120,
        100741120,
        100741120,
        100741120,
        100741120,
        100741120,
        100741120,
        100741120,
        100741120,
        100741120,
        209731584
      ]
    }
  },
  "execution_time": {
    "total_time_ms": 249.76420402526855,
    "forward_backward_time_ms": 124.55987930297852,
    "batch_generator_time_ms": 1.0638236999511719,
    "layernorm_grads_all_reduce_time_ms": 0,
    "embedding_grads_all_reduce_time_ms": 0.012159347534179688,
    "optimizer_time_ms": 18.6612606048584,
    "layer_compute_total_ms": [
      2.2089481353759766,
      4.422426223754883,
      4.137992858886719,
      4.144906997680664,
      4.148006439208984,
      4.149436950683594,
      4.147768020629883,
      4.384279251098633,
      4.166126251220703,
      4.145622253417969,
      4.154443740844727,
      4.150152206420898,
      4.148960113525391,
      4.146099090576172,
      4.143238067626953,
      4.188299179077148,
      4.133939743041992,
      6.912946701049805,
      4.247426986694336,
      4.14586067199707,
      4.547119140625,
      4.136800765991211,
      4.150867462158203,
      4.182100296020508,
      4.195451736450195,
      1.500417601387456
    ]
  },
  "execution_memory": {
    "total_memory_mb": 9887.1171875,
    "layer_memory_total_mb": [
      240.0703125,
      432.626953125,
      400.626953125,
      400.626953125,
      400.626953125,
      400.626953125,
      400.626953125,
      400.626953125,
      400.626953125,
      400.626953125,
      400.626953125,
      400.626953125,
      400.626953125,
      400.626953125,
      400.626953125,
      400.626953125,
      400.626953125,
      400.626953125,
      400.626953125,
      400.626953125,
      400.626953125,
      400.626953125,
      400.626953125,
      400.626953125,
      400.626953125,
      400.0
    ]
  }
}