{
  "model": {
    "model_name": "GPT-1.3B",
    "num_layers": 0,
    "parameters": {
      "total_parameters_bytes": 2854010880,
      "parameters_per_layer_bytes": [
        226492416,
        100741120,
        100741120,
        100741120,
        100741120,
        100741120,
        100741120,
        100741120,
        100741120,
        100741120,
        100741120,
        100741120,
        100741120,
        100741120,
        100741120,
        100741120,
        100741120,
        100741120,
        100741120,
        100741120,
        100741120,
        100741120,
        100741120,
        100741120,
        100741120,
        209731584
      ]
    }
  },
  "execution_time": {
    "total_time_ms": 138.07034492492676,
    "forward_backward_time_ms": 73.72760772705078,
    "batch_generator_time_ms": 0.6804466247558594,
    "layernorm_grads_all_reduce_time_ms": 0,
    "embedding_grads_all_reduce_time_ms": 0.0133514404296875,
    "optimizer_time_ms": 18.306255340576172,
    "layer_compute_total_ms": [
      1.3170242309570312,
      2.7294158935546875,
      2.462625503540039,
      2.4623870849609375,
      2.4261474609375,
      2.452373504638672,
      2.4895668029785156,
      2.671957015991211,
      2.4471282958984375,
      2.464771270751953,
      2.4394989013671875,
      2.443075180053711,
      2.4645328521728516,
      2.782583236694336,
      2.4671554565429688,
      2.4611949920654297,
      2.4483203887939453,
      2.4590492248535156,
      2.4368762969970703,
      2.446413040161133,
      2.438783645629883,
      2.429485321044922,
      2.4483203887939453,
      2.4542808532714844,
      2.4614334106445312,
      0.8010186349009264
    ]
  },
  "execution_memory": {
    "total_memory_mb": 4943.58203125,
    "layer_memory_total_mb": [
      120.03515625,
      216.314453125,
      200.314453125,
      200.314453125,
      200.314453125,
      200.314453125,
      200.314453125,
      200.314453125,
      200.314453125,
      200.314453125,
      200.314453125,
      200.314453125,
      200.314453125,
      200.314453125,
      200.314453125,
      200.314453125,
      200.314453125,
      200.314453125,
      200.314453125,
      200.314453125,
      200.314453125,
      200.314453125,
      200.314453125,
      200.314453125,
      200.314453125,
      200.0
    ]
  }
}