{
  "model": {
    "model_name": "GPT-350M",
    "num_layers": 0,
    "parameters": {
      "total_parameters_bytes": 823025664,
      "parameters_per_layer_bytes": [
        113246208,
        25204736,
        25204736,
        25204736,
        25204736,
        25204736,
        25204736,
        25204736,
        25204736,
        25204736,
        25204736,
        25204736,
        25204736,
        25204736,
        25204736,
        25204736,
        25204736,
        25204736,
        25204736,
        25204736,
        25204736,
        25204736,
        25204736,
        25204736,
        25204736,
        104865792
      ]
    }
  },
  "execution_time": {
    "total_time_ms": 120.1019287109375,
    "forward_backward_time_ms": 86.21931076049805,
    "batch_generator_time_ms": 1.2602806091308594,
    "layernorm_grads_all_reduce_time_ms": 0,
    "embedding_grads_all_reduce_time_ms": 0.012159347534179688,
    "optimizer_time_ms": 7.068872451782227,
    "layer_compute_total_ms": [
      1.2993812561035156,
      2.725839614868164,
      2.384662628173828,
      2.393007278442383,
      6.493091583251953,
      5.279064178466797,
      2.476930618286133,
      4.4097900390625,
      2.4213790893554688,
      2.450227737426758,
      2.46429443359375,
      2.608776092529297,
      2.3953914642333984,
      2.4023056030273438,
      2.440214157104492,
      2.4569034576416016,
      2.3932456970214844,
      2.434968948364258,
      2.3653507232666016,
      2.4013519287109375,
      2.3746490478515625,
      2.4335384368896484,
      2.4399757385253906,
      2.6454925537109375,
      2.3725032806396484,
      0.9627768356875597
    ]
  },
  "execution_memory": {
    "total_memory_mb": 4945.1171875,
    "layer_memory_total_mb": [
      120.0703125,
      216.376953125,
      200.376953125,
      200.376953125,
      200.376953125,
      200.376953125,
      200.376953125,
      200.376953125,
      200.376953125,
      200.376953125,
      200.376953125,
      200.376953125,
      200.376953125,
      200.376953125,
      200.376953125,
      200.376953125,
      200.376953125,
      200.376953125,
      200.376953125,
      200.376953125,
      200.376953125,
      200.376953125,
      200.376953125,
      200.376953125,
      200.376953125,
      400.0
    ]
  }
}