{
  "model": {
    "model_name": "GPT-350M",
    "num_layers": 0,
    "parameters": {
      "total_parameters_bytes": 823025664,
      "parameters_per_layer_bytes": [
        113246208,
        25204736,
        25204736,
        25204736,
        25204736,
        25204736,
        25204736,
        25204736,
        25204736,
        25204736,
        25204736,
        25204736,
        25204736,
        25204736,
        25204736,
        25204736,
        25204736,
        25204736,
        25204736,
        25204736,
        25204736,
        25204736,
        25204736,
        25204736,
        25204736,
        104865792
      ]
    }
  },
  "execution_time": {
    "total_time_ms": 98.19674491882324,
    "forward_backward_time_ms": 54.30746078491211,
    "batch_generator_time_ms": 2.672433853149414,
    "layernorm_grads_all_reduce_time_ms": 0,
    "embedding_grads_all_reduce_time_ms": 0.01239776611328125,
    "optimizer_time_ms": 6.635189056396484,
    "layer_compute_total_ms": [
      0.8509159088134766,
      2.099275588989258,
      1.7092227935791016,
      1.7039775848388672,
      1.7209053039550781,
      1.706838607788086,
      1.688241958618164,
      2.414703369140625,
      1.7104148864746094,
      1.7080307006835938,
      1.6937255859375,
      1.708984375,
      1.7170906066894531,
      1.6956329345703125,
      1.7364025115966797,
      1.7158985137939453,
      1.7199516296386719,
      1.6994476318359375,
      1.7018318176269531,
      1.7147064208984375,
      1.6858577728271484,
      1.6977787017822266,
      1.73187255859375,
      2.012491226196289,
      1.7275810241699219,
      0.5127757787704468
    ]
  },
  "execution_memory": {
    "total_memory_mb": 2472.58203125,
    "layer_memory_total_mb": [
      60.03515625,
      108.189453125,
      100.189453125,
      100.189453125,
      100.189453125,
      100.189453125,
      100.189453125,
      100.189453125,
      100.189453125,
      100.189453125,
      100.189453125,
      100.189453125,
      100.189453125,
      100.189453125,
      100.189453125,
      100.189453125,
      100.189453125,
      100.189453125,
      100.189453125,
      100.189453125,
      100.189453125,
      100.189453125,
      100.189453125,
      100.189453125,
      100.189453125,
      200.0
    ]
  }
}