{
  "model": {
    "model_name": "GPT-350M",
    "num_layers": 0,
    "parameters": {
      "total_parameters_bytes": 823025664,
      "parameters_per_layer_bytes": [
        113246208,
        25204736,
        25204736,
        25204736,
        25204736,
        25204736,
        25204736,
        25204736,
        25204736,
        25204736,
        25204736,
        25204736,
        25204736,
        25204736,
        25204736,
        25204736,
        25204736,
        25204736,
        25204736,
        25204736,
        25204736,
        25204736,
        25204736,
        25204736,
        25204736,
        104865792
      ]
    }
  },
  "execution_time": {
    "total_time_ms": 82.63301849365234,
    "forward_backward_time_ms": 557.4100017547607,
    "batch_generator_time_ms": 0.41866302490234375,
    "layernorm_grads_all_reduce_time_ms": 0,
    "embedding_grads_all_reduce_time_ms": 0.012636184692382812,
    "optimizer_time_ms": 6.921291351318359,
    "layer_compute_total_ms": [
      0.5218982696533203,
      508.1186294555664,
      2.2623538970947266,
      1.6264915466308594,
      1.6129016876220703,
      1.6241073608398438,
      1.575469970703125,
      2.1288394927978516,
      1.6779899597167969,
      1.67083740234375,
      1.6620159149169922,
      1.6160011291503906,
      1.561880111694336,
      1.6584396362304688,
      1.5723705291748047,
      1.5990734100341797,
      1.5256404876708984,
      1.54876708984375,
      1.5151500701904297,
      1.5971660614013672,
      1.5015602111816406,
      1.5397071838378906,
      1.5347003936767578,
      1.6117095947265625,
      1.672506332397461,
      0.3202733809313838
    ]
  },
  "execution_memory": {
    "total_memory_mb": 635.1806640625,
    "layer_memory_total_mb": [
      15.0087890625,
      26.048828125,
      24.048828125,
      24.048828125,
      24.048828125,
      26.048828125,
      25.048828125,
      25.048828125,
      26.048828125,
      26.048828125,
      27.048828125,
      26.048828125,
      27.048828125,
      26.048828125,
      27.048828125,
      25.048828125,
      25.048828125,
      26.048828125,
      26.048828125,
      27.048828125,
      26.048828125,
      27.048828125,
      26.048828125,
      27.048828125,
      25.048828125,
      50.0
    ]
  }
}