{
  "model": {
    "model_name": "GPT-350M",
    "num_layers": 0,
    "parameters": {
      "total_parameters_bytes": 823025664,
      "parameters_per_layer_bytes": [
        113246208,
        25204736,
        25204736,
        25204736,
        25204736,
        25204736,
        25204736,
        25204736,
        25204736,
        25204736,
        25204736,
        25204736,
        25204736,
        25204736,
        25204736,
        25204736,
        25204736,
        25204736,
        25204736,
        25204736,
        25204736,
        25204736,
        25204736,
        25204736,
        25204736,
        104865792
      ]
    }
  },
  "execution_time": {
    "total_time_ms": 84.48624610900879,
    "forward_backward_time_ms": 48.19774627685547,
    "batch_generator_time_ms": 0.5092620849609375,
    "layernorm_grads_all_reduce_time_ms": 0,
    "embedding_grads_all_reduce_time_ms": 0.012874603271484375,
    "optimizer_time_ms": 6.590604782104492,
    "layer_compute_total_ms": [
      0.6797313690185547,
      2.0008087158203125,
      1.5184879302978516,
      1.5025138854980469,
      1.5213489532470703,
      1.5704631805419922,
      1.495361328125,
      2.8028488159179688,
      1.5175342559814453,
      1.5001296997070312,
      1.5971660614013672,
      1.5022754669189453,
      1.483917236328125,
      1.5277862548828125,
      1.5003681182861328,
      1.5137195587158203,
      1.5087127685546875,
      1.5094280242919922,
      1.5070438385009766,
      1.4882087707519531,
      1.4920234680175781,
      1.5075206756591797,
      1.5349388122558594,
      1.773834228515625,
      1.5130043029785156,
      0.31896050244185586
    ]
  },
  "execution_memory": {
    "total_memory_mb": 1239.314453125,
    "layer_memory_total_mb": [
      31.017578125,
      55.095703125,
      50.095703125,
      50.095703125,
      51.095703125,
      50.095703125,
      50.095703125,
      50.095703125,
      50.095703125,
      50.095703125,
      50.095703125,
      50.095703125,
      50.095703125,
      50.095703125,
      50.095703125,
      50.095703125,
      50.095703125,
      50.095703125,
      50.095703125,
      50.095703125,
      50.095703125,
      50.095703125,
      50.095703125,
      50.095703125,
      50.095703125,
      100.0
    ]
  }
}