{
  "model": {
    "model_name": "GPT-350M",
    "num_layers": 24,
    "parameters": {
      "total_parameters_bytes": 1637662720,
      "parameters_per_layer_bytes": [
        218103808,
        50409472,
        50409472,
        50409472,
        50409472,
        50409472,
        50409472,
        50409472,
        50409472,
        50409472,
        50409472,
        50409472,
        50409472,
        50409472,
        50409472,
        50409472,
        50409472,
        50409472,
        50409472,
        50409472,
        50409472,
        50409472,
        50409472,
        50409472,
        50409472,
        209731584
      ]
    }
  },
  "execution_time": {
    "total_time_ms": 108.70552062988281,
    "forward_backward_time_ms": 51.43094062805176,
    "batch_generator_time_ms": 0.5383491516113281,
    "layernorm_grads_all_reduce_time_ms": 3.7975311279296875,
    "embedding_grads_all_reduce_time_ms": 0.012636184692382812,
    "optimizer_time_ms": 10.667085647583008,
    "layer_compute_total_ms": [
      0.8676052093505859,
      1.851797103881836,
      1.720428466796875,
      1.6505718231201172,
      1.6477108001708984,
      1.6412734985351562,
      1.6558170318603516,
      1.6477108001708984,
      1.6489028930664062,
      1.650094985961914,
      1.64031982421875,
      1.6789436340332031,
      1.6574859619140625,
      1.6434192657470703,
      1.6422271728515625,
      1.646280288696289,
      1.6369819641113281,
      1.6274452209472656,
      1.6226768493652344,
      1.644134521484375,
      1.77764892578125,
      1.6543865203857422,
      1.6388893127441406,
      1.6486644744873047,
      1.6641616821289062,
      0.5013437085514691
    ]
  },
  "execution_memory": {
    "total_memory_mb": 6082.767578125,
    "layer_memory_total_mb": [
      34.017578125,
      252.03125,
      252.03125,
      252.03125,
      252.03125,
      252.03125,
      252.03125,
      252.03125,
      252.03125,
      252.03125,
      252.03125,
      252.03125,
      252.03125,
      252.03125,
      252.03125,
      252.03125,
      252.03125,
      252.03125,
      252.03125,
      252.03125,
      252.03125,
      252.03125,
      252.03125,
      252.03125,
      252.03125,
      200.0
    ]
  }
}