{
  "model": {
    "model_name": "GPT-350M",
    "num_layers": 24,
    "parameters": {
      "total_parameters_bytes": 1637662720,
      "parameters_per_layer_bytes": [
        218103808,
        50409472,
        50409472,
        50409472,
        50409472,
        50409472,
        50409472,
        50409472,
        50409472,
        50409472,
        50409472,
        50409472,
        50409472,
        50409472,
        50409472,
        50409472,
        50409472,
        50409472,
        50409472,
        50409472,
        50409472,
        50409472,
        50409472,
        50409472,
        50409472,
        209731584
      ]
    }
  },
  "execution_time": {
    "total_time_ms": 68.42541694641113,
    "forward_backward_time_ms": 40.79937934875488,
    "batch_generator_time_ms": 0.3108978271484375,
    "layernorm_grads_all_reduce_time_ms": 3.7093162536621094,
    "embedding_grads_all_reduce_time_ms": 0.012636184692382812,
    "optimizer_time_ms": 10.268688201904297,
    "layer_compute_total_ms": [
      0.5166530609130859,
      1.3871192932128906,
      1.2938976287841797,
      1.2564659118652344,
      1.2772083282470703,
      1.3034343719482422,
      1.2552738189697266,
      1.4832019805908203,
      1.2581348419189453,
      1.2671947479248047,
      1.2664794921875,
      1.2576580047607422,
      1.2753009796142578,
      1.28173828125,
      1.268625259399414,
      1.2652873992919922,
      1.257181167602539,
      1.2521743774414062,
      1.2440681457519531,
      1.260995864868164,
      1.398324966430664,
      1.257181167602539,
      1.2302398681640625,
      1.2483596801757812,
      1.2924671173095703,
      0.3253188723431121
    ]
  },
  "execution_memory": {
    "total_memory_mb": 3041.3837890625,
    "layer_memory_total_mb": [
      17.0087890625,
      126.015625,
      126.015625,
      126.015625,
      126.015625,
      126.015625,
      126.015625,
      126.015625,
      126.015625,
      126.015625,
      126.015625,
      126.015625,
      126.015625,
      126.015625,
      126.015625,
      126.015625,
      126.015625,
      126.015625,
      126.015625,
      126.015625,
      126.015625,
      126.015625,
      126.015625,
      126.015625,
      126.015625,
      100.0
    ]
  }
}