{
  "model": {
    "model_name": "GPT-350M",
    "num_layers": 24,
    "parameters": {
      "total_parameters_bytes": 1637662720,
      "parameters_per_layer_bytes": [
        218103808,
        50409472,
        50409472,
        50409472,
        50409472,
        50409472,
        50409472,
        50409472,
        50409472,
        50409472,
        50409472,
        50409472,
        50409472,
        50409472,
        50409472,
        50409472,
        50409472,
        50409472,
        50409472,
        50409472,
        50409472,
        50409472,
        50409472,
        50409472,
        50409472,
        209731584
      ]
    }
  },
  "execution_time": {
    "total_time_ms": 110.62339263479532,
    "forward_backward_time_ms": 85.5032463457959,
    "batch_generator_time_ms": 0.9729862213134766,
    "layernorm_grads_all_reduce_time_ms": 14.057166592747453,
    "embedding_grads_all_reduce_time_ms": 0.023185514382567923,
    "optimizer_time_ms": 5.772013580212491,
    "layer_compute_total_ms": [
      1.0989681668020712,
      3.0034009507402244,
      2.9811226214459396,
      2.975264166672784,
      2.9690225195279183,
      2.9751367976659546,
      3.1472874179711208,
      2.97781144585111,
      2.9845608064383407,
      2.982778087519195,
      3.2289351133350936,
      2.9802311830323363,
      2.9853248000499897,
      2.970041642901149,
      2.984178803157316,
      2.9776840864583143,
      2.9747546877601576,
      2.9737357068495403,
      2.9775567265849725,
      2.9798491307949946,
      3.0599859255694066,
      2.9797217790887016,
      2.977302005396586,
      2.9859614482049097,
      3.151342624103797,
      1.0686903524223603
    ]
  },
  "execution_memory": {
    "total_memory_mb": 12165.549130170717,
    "layer_memory_total_mb": [
      80.75419311681672,
      565.2083721322798,
      565.2083721322798,
      565.2083721322798,
      565.2083721322798,
      565.2083721322798,
      565.2083721322798,
      565.2083721322798,
      565.2083721322798,
      565.2083721322798,
      565.2083721322798,
      565.2083721322798,
      565.2083721322798,
      565.2083721322798,
      565.2083721322798,
      565.2083721322798,
      565.2083721322798,
      565.2083721322798,
      565.2083721322798,
      565.2083721322798,
      565.2083721322798,
      565.2083721322798,
      565.2083721322798,
      565.2083721322798,
      565.2083721322798,
      453.7987612196449
    ]
  }
}