{
  "model": {
    "model_name": "GPT-350M",
    "num_layers": 24,
    "parameters": {
      "total_parameters_bytes": 1637662720,
      "parameters_per_layer_bytes": [
        218103808,
        50409472,
        50409472,
        50409472,
        50409472,
        50409472,
        50409472,
        50409472,
        50409472,
        50409472,
        50409472,
        50409472,
        50409472,
        50409472,
        50409472,
        50409472,
        50409472,
        50409472,
        50409472,
        50409472,
        50409472,
        50409472,
        50409472,
        50409472,
        50409472,
        209731584
      ]
    }
  },
  "execution_time": {
    "total_time_ms": 175.96376653349702,
    "forward_backward_time_ms": 146.72679322488312,
    "batch_generator_time_ms": 0.6601810455322266,
    "layernorm_grads_all_reduce_time_ms": 0.35845051721545157,
    "embedding_grads_all_reduce_time_ms": 0.0008766544490265959,
    "optimizer_time_ms": 20.498419159163817,
    "layer_compute_total_ms": [
      2.0160126288253464,
      5.364247307272047,
      5.1189374172235995,
      5.068405375832626,
      5.095438856708138,
      5.066190089093273,
      5.103861753021152,
      5.071063834516028,
      5.078596812633087,
      5.0834716267081745,
      5.090119776180242,
      5.083028444460196,
      5.098985187211217,
      5.0489138350190075,
      5.0692915148386,
      5.718428569435308,
      5.0533431393776675,
      5.138453017452902,
      5.145107585973051,
      5.119380879507882,
      5.409688587950421,
      5.145107585973051,
      5.065747042165746,
      5.516298465012383,
      5.208142378804725,
      1.6122541365285858
    ]
  },
  "execution_memory": {
    "total_memory_mb": 24331.042364658566,
    "layer_memory_total_mb": [
      110.63223876636654,
      885.8332557354403,
      885.8332557354403,
      885.8332557354403,
      885.8332557354403,
      885.8332557354403,
      885.8332557354403,
      885.8332557354403,
      885.8332557354403,
      885.8332557354403,
      885.8332557354403,
      885.8332557354403,
      885.8332557354403,
      885.8332557354403,
      885.8332557354403,
      885.8332557354403,
      885.8332557354403,
      885.8332557354403,
      885.8332557354403,
      885.8332557354403,
      885.8332557354403,
      885.8332557354403,
      885.8332557354403,
      885.8332557354403,
      885.8332557354403,
      692.40247756071
    ]
  }
}