{
  "model": {
    "model_name": "GPT-350M",
    "num_layers": 24,
    "parameters": {
      "total_parameters_bytes": 1637662720,
      "parameters_per_layer_bytes": [
        218103808,
        50409472,
        50409472,
        50409472,
        50409472,
        50409472,
        50409472,
        50409472,
        50409472,
        50409472,
        50409472,
        50409472,
        50409472,
        50409472,
        50409472,
        50409472,
        50409472,
        50409472,
        50409472,
        50409472,
        50409472,
        50409472,
        50409472,
        50409472,
        50409472,
        209731584
      ]
    }
  },
  "execution_time": {
    "total_time_ms": 88.20953152925321,
    "forward_backward_time_ms": 63.3374020374026,
    "batch_generator_time_ms": 0.3108978271484375,
    "layernorm_grads_all_reduce_time_ms": 0.26228826765299573,
    "embedding_grads_all_reduce_time_ms": 0.0008935131884309535,
    "optimizer_time_ms": 20.408493828663786,
    "layer_compute_total_ms": [
      0.8596785323527115,
      2.4266276054344256,
      2.2531939372283807,
      2.183884312256388,
      2.2222677235561625,
      2.2708831303617285,
      2.1816801821012066,
      2.6065609708717066,
      2.186970426708387,
      2.2037303680092144,
      2.2024068011250644,
      2.1860886401876622,
      2.2187357326886175,
      2.2306582070046175,
      2.2063777140883527,
      2.20020101368195,
      2.185206885290334,
      2.1759503702224574,
      2.1609710501004424,
      2.1922618094589565,
      2.4475520400333015,
      2.185206885290334,
      2.1354393658737405,
      2.168900134012083,
      2.2505416260686535,
      0.5340263076475554
    ]
  },
  "execution_memory": {
    "total_memory_mb": 6082.7605911646415,
    "layer_memory_total_mb": [
      27.658059691591635,
      221.45831393386007,
      221.45831393386007,
      221.45831393386007,
      221.45831393386007,
      221.45831393386007,
      221.45831393386007,
      221.45831393386007,
      221.45831393386007,
      221.45831393386007,
      221.45831393386007,
      221.45831393386007,
      221.45831393386007,
      221.45831393386007,
      221.45831393386007,
      221.45831393386007,
      221.45831393386007,
      221.45831393386007,
      221.45831393386007,
      221.45831393386007,
      221.45831393386007,
      221.45831393386007,
      221.45831393386007,
      221.45831393386007,
      221.45831393386007,
      173.1006193901775
    ]
  }
}