{
  "model": {
    "model_name": "GPT-350M",
    "num_layers": 24,
    "parameters": {
      "total_parameters_bytes": 1637662720,
      "parameters_per_layer_bytes": [
        218103808,
        50409472,
        50409472,
        50409472,
        50409472,
        50409472,
        50409472,
        50409472,
        50409472,
        50409472,
        50409472,
        50409472,
        50409472,
        50409472,
        50409472,
        50409472,
        50409472,
        50409472,
        50409472,
        50409472,
        50409472,
        50409472,
        50409472,
        50409472,
        50409472,
        209731584
      ]
    }
  },
  "execution_time": {
    "total_time_ms": 299.4659821317544,
    "forward_backward_time_ms": 264.9354715599285,
    "batch_generator_time_ms": 0.9729862213134766,
    "layernorm_grads_all_reduce_time_ms": 0.562171524177709,
    "embedding_grads_all_reduce_time_ms": 0.0009272306672396688,
    "optimizer_time_ms": 19.7071269535641,
    "layer_compute_total_ms": [
      3.119080946072965,
      9.327720049578165,
      9.24994036138421,
      9.229505161922145,
      9.207741708997702,
      9.229060963633055,
      9.83268718114286,
      9.238389531536965,
      9.261936827957573,
      9.255716263204468,
      10.121216333768999,
      9.24683039482378,
      9.264602899409415,
      9.21129461003603,
      9.260603818132454,
      9.237945294791743,
      9.227728380307026,
      9.224174909418245,
      9.237501059968704,
      9.245497580823928,
      9.525765221062217,
      9.245053313332694,
      9.236612596089438,
      9.266824678371767,
      9.846983934737155,
      3.02825690117327
    ]
  },
  "execution_memory": {
    "total_memory_mb": 48662.08472931713,
    "layer_memory_total_mb": [
      221.26447753273308,
      1771.6665114708806,
      1771.6665114708806,
      1771.6665114708806,
      1771.6665114708806,
      1771.6665114708806,
      1771.6665114708806,
      1771.6665114708806,
      1771.6665114708806,
      1771.6665114708806,
      1771.6665114708806,
      1771.6665114708806,
      1771.6665114708806,
      1771.6665114708806,
      1771.6665114708806,
      1771.6665114708806,
      1771.6665114708806,
      1771.6665114708806,
      1771.6665114708806,
      1771.6665114708806,
      1771.6665114708806,
      1771.6665114708806,
      1771.6665114708806,
      1771.6665114708806,
      1771.6665114708806,
      1384.80495512142
    ]
  }
}