{
  "model": {
    "model_name": "GPT-350M",
    "num_layers": 24,
    "parameters": {
      "total_parameters_bytes": 1637662720,
      "parameters_per_layer_bytes": [
        218103808,
        50409472,
        50409472,
        50409472,
        50409472,
        50409472,
        50409472,
        50409472,
        50409472,
        50409472,
        50409472,
        50409472,
        50409472,
        50409472,
        50409472,
        50409472,
        50409472,
        50409472,
        50409472,
        50409472,
        50409472,
        50409472,
        50409472,
        50409472,
        50409472,
        209731584
      ]
    }
  },
  "execution_time": {
    "total_time_ms": 189.0432834625244,
    "forward_backward_time_ms": 85.75654029846191,
    "batch_generator_time_ms": 0.6601810455322266,
    "layernorm_grads_all_reduce_time_ms": 5.069255828857422,
    "embedding_grads_all_reduce_time_ms": 0.01239776611328125,
    "optimizer_time_ms": 10.663509368896484,
    "layer_compute_total_ms": [
      1.2087821960449219,
      3.064870834350586,
      2.9332637786865234,
      2.9060840606689453,
      2.9206275939941406,
      2.9048919677734375,
      2.9251575469970703,
      2.9075145721435547,
      2.9115676879882812,
      2.9141902923583984,
      2.917766571044922,
      2.913951873779297,
      2.922534942626953,
      2.8955936431884766,
      2.9065608978271484,
      3.253936767578125,
      2.897977828979492,
      2.943754196166992,
      2.9473304748535156,
      2.933502197265625,
      3.0891895294189453,
      2.9473304748535156,
      2.904653549194336,
      3.1461715698242188,
      2.9811859130859375,
      0.9738233095276326
    ]
  },
  "execution_memory": {
    "total_memory_mb": 12165.53515625,
    "layer_memory_total_mb": [
      68.03515625,
      504.0625,
      504.0625,
      504.0625,
      504.0625,
      504.0625,
      504.0625,
      504.0625,
      504.0625,
      504.0625,
      504.0625,
      504.0625,
      504.0625,
      504.0625,
      504.0625,
      504.0625,
      504.0625,
      504.0625,
      504.0625,
      504.0625,
      504.0625,
      504.0625,
      504.0625,
      504.0625,
      504.0625,
      400.0
    ]
  }
}