{
  "model": {
    "model_name": "GPT-350M",
    "num_layers": 24,
    "parameters": {
      "total_parameters_bytes": 1637662720,
      "parameters_per_layer_bytes": [
        218103808,
        50409472,
        50409472,
        50409472,
        50409472,
        50409472,
        50409472,
        50409472,
        50409472,
        50409472,
        50409472,
        50409472,
        50409472,
        50409472,
        50409472,
        50409472,
        50409472,
        50409472,
        50409472,
        50409472,
        50409472,
        50409472,
        50409472,
        50409472,
        50409472,
        209731584
      ]
    }
  },
  "execution_time": {
    "total_time_ms": 65.08978543104911,
    "forward_backward_time_ms": 47.46634810453335,
    "batch_generator_time_ms": 0.6601810455322266,
    "layernorm_grads_all_reduce_time_ms": 8.963098305493801,
    "embedding_grads_all_reduce_time_ms": 0.02192084996170058,
    "optimizer_time_ms": 5.53890457910553,
    "layer_compute_total_ms": [
      0.7047790388385853,
      1.723809007532574,
      1.6535294243806236,
      1.6389827167107889,
      1.6467678798171062,
      1.6383444455001193,
      1.6491921087417822,
      1.6397486135145474,
      1.6419184848300095,
      1.6433223856813548,
      1.6452366269998613,
      1.6431947626642478,
      1.6477886458241489,
      1.633365184433725,
      1.6392380191174984,
      1.8243296252192978,
      1.634642044135075,
      1.6591409418037668,
      1.661053578360253,
      1.6536569773886545,
      1.73676738243134,
      1.661053578360253,
      1.6382167886528995,
      1.767096953571123,
      1.6791503183847563,
      0.5707597753954862
    ]
  },
  "execution_memory": {
    "total_memory_mb": 6082.7745650853585,
    "layer_memory_total_mb": [
      40.37709655840836,
      282.6041860661399,
      282.6041860661399,
      282.6041860661399,
      282.6041860661399,
      282.6041860661399,
      282.6041860661399,
      282.6041860661399,
      282.6041860661399,
      282.6041860661399,
      282.6041860661399,
      282.6041860661399,
      282.6041860661399,
      282.6041860661399,
      282.6041860661399,
      282.6041860661399,
      282.6041860661399,
      282.6041860661399,
      282.6041860661399,
      282.6041860661399,
      282.6041860661399,
      282.6041860661399,
      282.6041860661399,
      282.6041860661399,
      282.6041860661399,
      226.89938060982246
    ]
  }
}