{
  "model": {
    "model_name": "GPT-350M",
    "num_layers": 24,
    "parameters": {
      "total_parameters_bytes": 1637662720,
      "parameters_per_layer_bytes": [
        218103808,
        50409472,
        50409472,
        50409472,
        50409472,
        50409472,
        50409472,
        50409472,
        50409472,
        50409472,
        50409472,
        50409472,
        50409472,
        50409472,
        50409472,
        50409472,
        50409472,
        50409472,
        50409472,
        50409472,
        50409472,
        50409472,
        50409472,
        50409472,
        50409472,
        209731584
      ]
    }
  },
  "execution_time": {
    "total_time_ms": 109.34103092374737,
    "forward_backward_time_ms": 82.77019459945939,
    "batch_generator_time_ms": 0.5383491516113281,
    "layernorm_grads_all_reduce_time_ms": 0.26852600123260806,
    "embedding_grads_all_reduce_time_ms": 0.0008935131884309535,
    "optimizer_time_ms": 21.094701051593265,
    "layer_compute_total_ms": [
      1.460646052363676,
      3.2543255201351142,
      3.0083888639749556,
      2.8783353962587954,
      2.873020047347537,
      2.8610637355115878,
      2.888082487291363,
      2.873020047347537,
      2.8752346690470145,
      2.8774494436337674,
      2.85929281019194,
      2.931093392295619,
      2.8911844535863884,
      2.865048676386496,
      2.862834759010775,
      2.8703627032332477,
      2.853095345336733,
      2.8353949487225467,
      2.826548452178336,
      2.8663771003817327,
      3.11529693495412,
      2.885423896803563,
      2.8566366063899506,
      2.8747917324735495,
      2.9035953017540197,
      0.8275388837891
    ]
  },
  "execution_memory": {
    "total_memory_mb": 12165.521182329283,
    "layer_memory_total_mb": [
      55.31611938318327,
      442.91662786772014,
      442.91662786772014,
      442.91662786772014,
      442.91662786772014,
      442.91662786772014,
      442.91662786772014,
      442.91662786772014,
      442.91662786772014,
      442.91662786772014,
      442.91662786772014,
      442.91662786772014,
      442.91662786772014,
      442.91662786772014,
      442.91662786772014,
      442.91662786772014,
      442.91662786772014,
      442.91662786772014,
      442.91662786772014,
      442.91662786772014,
      442.91662786772014,
      442.91662786772014,
      442.91662786772014,
      442.91662786772014,
      442.91662786772014,
      346.201238780355
    ]
  }
}