{
  "model": {
    "model_name": "GPT-350M",
    "num_layers": 24,
    "parameters": {
      "total_parameters_bytes": 1637662720,
      "parameters_per_layer_bytes": [
        218103808,
        50409472,
        50409472,
        50409472,
        50409472,
        50409472,
        50409472,
        50409472,
        50409472,
        50409472,
        50409472,
        50409472,
        50409472,
        50409472,
        50409472,
        50409472,
        50409472,
        50409472,
        50409472,
        50409472,
        50409472,
        50409472,
        50409472,
        50409472,
        50409472,
        209731584
      ]
    }
  },
  "execution_time": {
    "total_time_ms": 353.7163734436035,
    "forward_backward_time_ms": 149.42073822021484,
    "batch_generator_time_ms": 0.9729862213134766,
    "layernorm_grads_all_reduce_time_ms": 7.950305938720703,
    "embedding_grads_all_reduce_time_ms": 0.013113021850585938,
    "optimizer_time_ms": 10.698795318603516,
    "layer_compute_total_ms": [
      1.8787384033203125,
      5.335330963134766,
      5.293607711791992,
      5.28264045715332,
      5.270957946777344,
      5.282402038574219,
      5.605459213256836,
      5.287408828735352,
      5.300045013427734,
      5.2967071533203125,
      5.759239196777344,
      5.291938781738281,
      5.301475524902344,
      5.272865295410156,
      5.29932975769043,
      5.28717041015625,
      5.281686782836914,
      5.279779434204102,
      5.286931991577148,
      5.291223526000977,
      5.441427230834961,
      5.290985107421875,
      5.286455154418945,
      5.302667617797852,
      5.613088607788086,
      1.8257545777156776
    ]
  },
  "execution_memory": {
    "total_memory_mb": 24331.0703125,
    "layer_memory_total_mb": [
      136.0703125,
      1008.125,
      1008.125,
      1008.125,
      1008.125,
      1008.125,
      1008.125,
      1008.125,
      1008.125,
      1008.125,
      1008.125,
      1008.125,
      1008.125,
      1008.125,
      1008.125,
      1008.125,
      1008.125,
      1008.125,
      1008.125,
      1008.125,
      1008.125,
      1008.125,
      1008.125,
      1008.125,
      1008.125,
      800.0
    ]
  }
}