{
  "model": {
    "model_name": "GPT-350M",
    "num_layers": 24,
    "parameters": {
      "total_parameters_bytes": 1637662720,
      "parameters_per_layer_bytes": [
        218103808,
        50409472,
        50409472,
        50409472,
        50409472,
        50409472,
        50409472,
        50409472,
        50409472,
        50409472,
        50409472,
        50409472,
        50409472,
        50409472,
        50409472,
        50409472,
        50409472,
        50409472,
        50409472,
        50409472,
        50409472,
        50409472,
        50409472,
        50409472,
        50409472,
        209731584
      ]
    }
  },
  "execution_time": {
    "total_time_ms": 33.96234308210982,
    "forward_backward_time_ms": 20.597631813503355,
    "batch_generator_time_ms": 0.3108978271484375,
    "layernorm_grads_all_reduce_time_ms": 6.558549686618031,
    "embedding_grads_all_reduce_time_ms": 0.02234240476865636,
    "optimizer_time_ms": 5.16656474473835,
    "layer_compute_total_ms": [
      0.3017334278249081,
      0.7804623918542841,
      0.7305991444770844,
      0.7104948338011374,
      0.7216413973580297,
      0.7357135893578101,
      0.7098537734444249,
      0.8315617378728936,
      0.7113922352418486,
      0.7162621559225011,
      0.7158777919062339,
      0.7111358447138267,
      0.7206170464421034,
      0.7240737294988455,
      0.7170308308773259,
      0.7152371458715046,
      0.7108794462799556,
      0.7081867848857919,
      0.7038253832268425,
      0.7129304125034248,
      0.7864369564223386,
      0.7108794462799556,
      0.6963800266956273,
      0.7061346466727605,
      0.729831710792407,
      0.19181229543122322
    ]
  },
  "execution_memory": {
    "total_memory_mb": 1520.6936412713396,
    "layer_memory_total_mb": [
      10.09427413960209,
      70.65104651653498,
      70.65104651653498,
      70.65104651653498,
      70.65104651653498,
      70.65104651653498,
      70.65104651653498,
      70.65104651653498,
      70.65104651653498,
      70.65104651653498,
      70.65104651653498,
      70.65104651653498,
      70.65104651653498,
      70.65104651653498,
      70.65104651653498,
      70.65104651653498,
      70.65104651653498,
      70.65104651653498,
      70.65104651653498,
      70.65104651653498,
      70.65104651653498,
      70.65104651653498,
      70.65104651653498,
      70.65104651653498,
      70.65104651653498,
      56.724845152455615
    ]
  }
}