{
  "model": {
    "model_name": "GPT-1.3B",
    "num_layers": 24,
    "parameters": {
      "total_parameters_bytes": 5691244544,
      "parameters_per_layer_bytes": [
        436207616,
        201482240,
        201482240,
        201482240,
        201482240,
        201482240,
        201482240,
        201482240,
        201482240,
        201482240,
        201482240,
        201482240,
        201482240,
        201482240,
        201482240,
        201482240,
        201482240,
        201482240,
        201482240,
        201482240,
        201482240,
        201482240,
        201482240,
        201482240,
        201482240,
        419463168
      ]
    }
  },
  "execution_time": {
    "total_time_ms": 132.03120231628418,
    "forward_backward_time_ms": 53.02858352661133,
    "batch_generator_time_ms": 0.41747093200683594,
    "layernorm_grads_all_reduce_time_ms": 3.893136978149414,
    "embedding_grads_all_reduce_time_ms": 0.012636184692382812,
    "optimizer_time_ms": 32.09090232849121,
    "layer_compute_total_ms": [
      0.8075237274169922,
      1.9066333770751953,
      1.7490386962890625,
      1.7337799072265625,
      1.7337799072265625,
      1.7349720001220703,
      1.7437934875488281,
      1.7244815826416016,
      1.7311573028564453,
      1.7404556274414062,
      1.741170883178711,
      1.744985580444336,
      1.7533302307128906,
      1.737356185913086,
      1.7538070678710938,
      1.7406940460205078,
      1.7292499542236328,
      1.739501953125,
      1.7502307891845703,
      1.7466545104980469,
      1.8725395202636719,
      1.7406940460205078,
      1.7230510711669922,
      1.730203628540039,
      1.7597675323486328,
      0.5194247596027893
    ]
  },
  "execution_memory": {
    "total_memory_mb": 6082.3837890625,
    "layer_memory_total_mb": [
      34.0087890625,
      252.015625,
      252.015625,
      252.015625,
      252.015625,
      252.015625,
      252.015625,
      252.015625,
      252.015625,
      252.015625,
      252.015625,
      252.015625,
      252.015625,
      252.015625,
      252.015625,
      252.015625,
      252.015625,
      252.015625,
      252.015625,
      252.015625,
      252.015625,
      252.015625,
      252.015625,
      252.015625,
      252.015625,
      100.0
    ]
  }
}