{
  "model": {
    "model_name": "GPT-1.3B",
    "num_layers": 24,
    "parameters": {
      "total_parameters_bytes": 5691244544,
      "parameters_per_layer_bytes": [
        436207616,
        201482240,
        201482240,
        201482240,
        201482240,
        201482240,
        201482240,
        201482240,
        201482240,
        201482240,
        201482240,
        201482240,
        201482240,
        201482240,
        201482240,
        201482240,
        201482240,
        201482240,
        201482240,
        201482240,
        201482240,
        201482240,
        201482240,
        201482240,
        201482240,
        419463168
      ]
    }
  },
  "execution_time": {
    "total_time_ms": 760.617733001709,
    "forward_backward_time_ms": 297.76787757873535,
    "batch_generator_time_ms": 0.9367465972900391,
    "layernorm_grads_all_reduce_time_ms": 12.608051300048828,
    "embedding_grads_all_reduce_time_ms": 0.01239776611328125,
    "optimizer_time_ms": 32.331228256225586,
    "layer_compute_total_ms": [
      3.5314559936523438,
      11.177539825439453,
      11.158227920532227,
      11.064291000366211,
      11.072874069213867,
      11.07645034790039,
      11.13271713256836,
      11.074066162109375,
      11.13128662109375,
      11.157512664794922,
      11.098623275756836,
      11.624336242675781,
      11.121034622192383,
      11.098146438598633,
      11.062383651733398,
      11.131525039672852,
      11.075973510742188,
      11.177778244018555,
      11.169195175170898,
      11.09623908996582,
      11.500120162963867,
      11.017560958862305,
      11.001825332641602,
      11.003732681274414,
      11.024951934814453,
      3.4168438648614354
    ]
  },
  "execution_memory": {
    "total_memory_mb": 48659.0703125,
    "layer_memory_total_mb": [
      272.0703125,
      2016.125,
      2016.125,
      2016.125,
      2016.125,
      2016.125,
      2016.125,
      2016.125,
      2016.125,
      2016.125,
      2016.125,
      2016.125,
      2016.125,
      2016.125,
      2016.125,
      2016.125,
      2016.125,
      2016.125,
      2016.125,
      2016.125,
      2016.125,
      2016.125,
      2016.125,
      2016.125,
      2016.125,
      800.0
    ]
  }
}