{
  "model": {
    "model_name": "GPT-1.3B",
    "num_layers": 24,
    "parameters": {
      "total_parameters_bytes": 5691244544,
      "parameters_per_layer_bytes": [
        436207616,
        201482240,
        201482240,
        201482240,
        201482240,
        201482240,
        201482240,
        201482240,
        201482240,
        201482240,
        201482240,
        201482240,
        201482240,
        201482240,
        201482240,
        201482240,
        201482240,
        201482240,
        201482240,
        201482240,
        201482240,
        201482240,
        201482240,
        201482240,
        201482240,
        419463168
      ]
    }
  },
  "execution_time": {
    "total_time_ms": 400.27499198913574,
    "forward_backward_time_ms": 159.68847274780273,
    "batch_generator_time_ms": 0.5943775177001953,
    "layernorm_grads_all_reduce_time_ms": 7.766008377075195,
    "embedding_grads_all_reduce_time_ms": 0.01239776611328125,
    "optimizer_time_ms": 32.29379653930664,
    "layer_compute_total_ms": [
      1.893758773803711,
      5.761384963989258,
      5.6934356689453125,
      5.672931671142578,
      5.696535110473633,
      5.712270736694336,
      5.715847015380859,
      5.704164505004883,
      5.6896209716796875,
      5.712032318115234,
      5.701541900634766,
      6.007671356201172,
      6.096839904785156,
      8.784770965576172,
      5.743265151977539,
      5.7010650634765625,
      5.700826644897461,
      5.717754364013672,
      5.704402923583984,
      5.7201385498046875,
      5.862712860107422,
      5.709171295166016,
      5.7086944580078125,
      5.700349807739258,
      5.712747573852539,
      1.774288703401858
    ]
  },
  "execution_memory": {
    "total_memory_mb": 24329.53515625,
    "layer_memory_total_mb": [
      136.03515625,
      1008.0625,
      1008.0625,
      1008.0625,
      1008.0625,
      1008.0625,
      1008.0625,
      1008.0625,
      1008.0625,
      1008.0625,
      1008.0625,
      1008.0625,
      1008.0625,
      1008.0625,
      1008.0625,
      1008.0625,
      1008.0625,
      1008.0625,
      1008.0625,
      1008.0625,
      1008.0625,
      1008.0625,
      1008.0625,
      1008.0625,
      1008.0625,
      400.0
    ]
  }
}