{
  "model": {
    "model_name": "GPT-1.3B",
    "num_layers": 24,
    "parameters": {
      "total_parameters_bytes": 5691244544,
      "parameters_per_layer_bytes": [
        436207616,
        201482240,
        201482240,
        201482240,
        201482240,
        201482240,
        201482240,
        201482240,
        201482240,
        201482240,
        201482240,
        201482240,
        201482240,
        201482240,
        201482240,
        201482240,
        201482240,
        201482240,
        201482240,
        201482240,
        201482240,
        201482240,
        201482240,
        201482240,
        201482240,
        419463168
      ]
    }
  },
  "execution_time": {
    "total_time_ms": 159.09856841304438,
    "forward_backward_time_ms": 87.06730339914512,
    "batch_generator_time_ms": 0.41747093200683594,
    "layernorm_grads_all_reduce_time_ms": 0.2752863557337555,
    "embedding_grads_all_reduce_time_ms": 0.0008935131884309535,
    "optimizer_time_ms": 64.17896283959399,
    "layer_compute_total_ms": [
      1.353683266061046,
      3.350694114139373,
      3.055834675196191,
      3.027417556498672,
      3.027417556498672,
      3.029636783365422,
      3.0460635987075353,
      3.0101126103351556,
      3.0225357721169157,
      3.0398471078586233,
      3.0411791168835083,
      3.048284050674319,
      3.0638312840342126,
      3.034075675393704,
      3.064719912165858,
      3.0402911050366175,
      3.018985828377309,
      3.0380711774636726,
      3.0580557667691313,
      3.0513929278382856,
      3.286697937068839,
      3.0402911050366175,
      3.0074511026774093,
      3.0207607533912446,
      3.075829718935248,
      0.857538105428699
    ]
  },
  "execution_memory": {
    "total_memory_mb": 12164.75360490077,
    "layer_memory_total_mb": [
      55.301658926292966,
      442.88916868434336,
      442.88916868434336,
      442.88916868434336,
      442.88916868434336,
      442.88916868434336,
      442.88916868434336,
      442.88916868434336,
      442.88916868434336,
      442.88916868434336,
      442.88916868434336,
      442.88916868434336,
      442.88916868434336,
      442.88916868434336,
      442.88916868434336,
      442.88916868434336,
      442.88916868434336,
      442.88916868434336,
      442.88916868434336,
      442.88916868434336,
      442.88916868434336,
      442.88916868434336,
      442.88916868434336,
      442.88916868434336,
      442.88916868434336,
      167.19834218302987
    ]
  }
}