{
  "model": {
    "model_name": "GPT-1.3B",
    "num_layers": 24,
    "parameters": {
      "total_parameters_bytes": 5691244544,
      "parameters_per_layer_bytes": [
        436207616,
        201482240,
        201482240,
        201482240,
        201482240,
        201482240,
        201482240,
        201482240,
        201482240,
        201482240,
        201482240,
        201482240,
        201482240,
        201482240,
        201482240,
        201482240,
        201482240,
        201482240,
        201482240,
        201482240,
        201482240,
        201482240,
        201482240,
        201482240,
        201482240,
        419463168
      ]
    }
  },
  "execution_time": {
    "total_time_ms": 227.50575839089086,
    "forward_backward_time_ms": 177.3872027729348,
    "batch_generator_time_ms": 0.9367465972900391,
    "layernorm_grads_all_reduce_time_ms": 22.292661301435576,
    "embedding_grads_all_reduce_time_ms": 0.02192084996170058,
    "optimizer_time_ms": 16.97036592413538,
    "layer_compute_total_ms": [
      2.0691064908807713,
      6.279876958189147,
      6.269600277112438,
      6.219590911320545,
      6.224161783348796,
      6.226066224843988,
      6.256022594752811,
      6.224796602964581,
      6.255261151324689,
      6.269219630329483,
      6.237872600890688,
      6.517219754337051,
      6.249803897283915,
      6.237618721359601,
      6.218575121238131,
      6.255388059138754,
      6.225812302318869,
      6.280003821374358,
      6.275436601987841,
      6.236603193996057,
      6.451314391076923,
      6.194699783664546,
      6.186316070408661,
      6.1873323320078635,
      6.198637239040834,
      2.0034050264911496
    ]
  },
  "execution_memory": {
    "total_memory_mb": 24329.563102698463,
    "layer_memory_total_mb": [
      161.46699464741408,
      1130.3466626313132,
      1130.3466626313132,
      1130.3466626313132,
      1130.3466626313132,
      1130.3466626313132,
      1130.3466626313132,
      1130.3466626313132,
      1130.3466626313132,
      1130.3466626313132,
      1130.3466626313132,
      1130.3466626313132,
      1130.3466626313132,
      1130.3466626313132,
      1130.3466626313132,
      1130.3466626313132,
      1130.3466626313132,
      1130.3466626313132,
      1130.3466626313132,
      1130.3466626313132,
      1130.3466626313132,
      1130.3466626313132,
      1130.3466626313132,
      1130.3466626313132,
      1130.3466626313132,
      465.60331563394027
    ]
  }
}