{
  "model": {
    "model_name": "GPT-1.3B",
    "num_layers": 24,
    "parameters": {
      "total_parameters_bytes": 5691244544,
      "parameters_per_layer_bytes": [
        436207616,
        201482240,
        201482240,
        201482240,
        201482240,
        201482240,
        201482240,
        201482240,
        201482240,
        201482240,
        201482240,
        201482240,
        201482240,
        201482240,
        201482240,
        201482240,
        201482240,
        201482240,
        201482240,
        201482240,
        201482240,
        201482240,
        201482240,
        201482240,
        201482240,
        419463168
      ]
    }
  },
  "execution_time": {
    "total_time_ms": 644.796412869931,
    "forward_backward_time_ms": 551.7559719408955,
    "batch_generator_time_ms": 0.9367465972900391,
    "layernorm_grads_all_reduce_time_ms": 0.8915238571812394,
    "embedding_grads_all_reduce_time_ms": 0.0008766544490265959,
    "optimizer_time_ms": 61.443449328360835,
    "layer_compute_total_ms": [
      5.849398011086289,
      19.590651469001223,
      19.554510573679156,
      19.37880035618266,
      19.394849143460284,
      19.401536492225606,
      19.506778151262196,
      19.397078236579176,
      19.504101879076245,
      19.55317213786175,
      19.443002699464593,
      20.428465953354916,
      19.48492289963387,
      19.442110868956124,
      19.37523412198107,
      19.50454792213639,
      19.400644833693274,
      19.59109769057679,
      19.57503429273223,
      19.43854358387905,
      20.195223087547774,
      19.291444700791036,
      19.262037048931763,
      19.265601397066202,
      19.305258783094477,
      5.653755353481142
    ]
  },
  "execution_memory": {
    "total_memory_mb": 97318.02883920616,
    "layer_memory_total_mb": [
      442.4132714103437,
      3543.113349474747,
      3543.113349474747,
      3543.113349474747,
      3543.113349474747,
      3543.113349474747,
      3543.113349474747,
      3543.113349474747,
      3543.113349474747,
      3543.113349474747,
      3543.113349474747,
      3543.113349474747,
      3543.113349474747,
      3543.113349474747,
      3543.113349474747,
      3543.113349474747,
      3543.113349474747,
      3543.113349474747,
      3543.113349474747,
      3543.113349474747,
      3543.113349474747,
      3543.113349474747,
      3543.113349474747,
      3543.113349474747,
      3543.113349474747,
      1337.586737464239
    ]
  }
}