{
  "model": {
    "model_name": "GPT-1.3B",
    "num_layers": 24,
    "parameters": {
      "total_parameters_bytes": 5691244544,
      "parameters_per_layer_bytes": [
        436207616,
        201482240,
        201482240,
        201482240,
        201482240,
        201482240,
        201482240,
        201482240,
        201482240,
        201482240,
        201482240,
        201482240,
        201482240,
        201482240,
        201482240,
        201482240,
        201482240,
        201482240,
        201482240,
        201482240,
        201482240,
        201482240,
        201482240,
        201482240,
        201482240,
        419463168
      ]
    }
  },
  "execution_time": {
    "total_time_ms": 77.07199201604523,
    "forward_backward_time_ms": 48.562436780416604,
    "batch_generator_time_ms": 0.5609989166259766,
    "layernorm_grads_all_reduce_time_ms": 8.690352345393412,
    "embedding_grads_all_reduce_time_ms": 0.022763959575612138,
    "optimizer_time_ms": 16.126344072752676,
    "layer_compute_total_ms": [
      0.7184854628593338,
      1.7770971134201539,
      1.703109805960044,
      1.695238229234917,
      1.7010787431529841,
      1.6990474635545707,
      1.6925713105123994,
      1.6967620146039695,
      1.7042521836004016,
      1.699174424884867,
      1.7048868082492425,
      1.6981587105043625,
      1.7090748012608619,
      1.7023481827989289,
      1.7076789057502013,
      1.706155994158933,
      1.6968889912006702,
      1.699174424884867,
      1.6970159669487883,
      1.7081865159314864,
      1.7786144485029292,
      1.6949842531194408,
      1.6979047734297479,
      1.699428345002616,
      1.704759885010207,
      0.5361281374775239
    ]
  },
  "execution_memory": {
    "total_memory_mb": 6082.390775674616,
    "layer_memory_total_mb": [
      40.36674866185352,
      282.5866656578283,
      282.5866656578283,
      282.5866656578283,
      282.5866656578283,
      282.5866656578283,
      282.5866656578283,
      282.5866656578283,
      282.5866656578283,
      282.5866656578283,
      282.5866656578283,
      282.5866656578283,
      282.5866656578283,
      282.5866656578283,
      282.5866656578283,
      282.5866656578283,
      282.5866656578283,
      282.5866656578283,
      282.5866656578283,
      282.5866656578283,
      282.5866656578283,
      282.5866656578283,
      282.5866656578283,
      282.5866656578283,
      282.5866656578283,
      116.40082890848507
    ]
  }
}