{
  "model": {
    "model_name": "GPT-1.3B",
    "num_layers": 24,
    "parameters": {
      "total_parameters_bytes": 5691244544,
      "parameters_per_layer_bytes": [
        436207616,
        201482240,
        201482240,
        201482240,
        201482240,
        201482240,
        201482240,
        201482240,
        201482240,
        201482240,
        201482240,
        201482240,
        201482240,
        201482240,
        201482240,
        201482240,
        201482240,
        201482240,
        201482240,
        201482240,
        201482240,
        201482240,
        201482240,
        201482240,
        201482240,
        419463168
      ]
    }
  },
  "execution_time": {
    "total_time_ms": 226.51226315188725,
    "forward_backward_time_ms": 151.0329046974893,
    "batch_generator_time_ms": 0.5609989166259766,
    "layernorm_grads_all_reduce_time_ms": 0.3475429128208322,
    "embedding_grads_all_reduce_time_ms": 0.0009103719278353112,
    "optimizer_time_ms": 64.34460692432133,
    "layer_compute_total_ms": [
      2.061322735965009,
      5.569757908624072,
      5.308761337683261,
      5.281119836966582,
      5.301626799849,
      5.294493129180155,
      5.271760351212122,
      5.286468787287247,
      5.312774895969487,
      5.294938958175376,
      5.315004768956154,
      5.291372421166144,
      5.329724049351083,
      5.306085784429284,
      5.324817213913257,
      5.319464768481455,
      5.286914555216851,
      5.294938958175376,
      5.287360326540783,
      5.326601470453742,
      5.575132660089846,
      5.280228392795674,
      5.290480820831789,
      5.295830626337192,
      5.314558787595891,
      1.5114202612655796
    ]
  },
  "execution_memory": {
    "total_memory_mb": 24329.50720980154,
    "layer_memory_total_mb": [
      110.60331785258593,
      885.7783373686867,
      885.7783373686867,
      885.7783373686867,
      885.7783373686867,
      885.7783373686867,
      885.7783373686867,
      885.7783373686867,
      885.7783373686867,
      885.7783373686867,
      885.7783373686867,
      885.7783373686867,
      885.7783373686867,
      885.7783373686867,
      885.7783373686867,
      885.7783373686867,
      885.7783373686867,
      885.7783373686867,
      885.7783373686867,
      885.7783373686867,
      885.7783373686867,
      885.7783373686867,
      885.7783373686867,
      885.7783373686867,
      885.7783373686867,
      334.39668436605973
    ]
  }
}