{
  "model": {
    "model_name": "GPT-1.3B",
    "num_layers": 24,
    "parameters": {
      "total_parameters_bytes": 5691244544,
      "parameters_per_layer_bytes": [
        436207616,
        201482240,
        201482240,
        201482240,
        201482240,
        201482240,
        201482240,
        201482240,
        201482240,
        201482240,
        201482240,
        201482240,
        201482240,
        201482240,
        201482240,
        201482240,
        201482240,
        201482240,
        201482240,
        201482240,
        201482240,
        201482240,
        201482240,
        201482240,
        201482240,
        419463168
      ]
    }
  },
  "execution_time": {
    "total_time_ms": 131.7831281640008,
    "forward_backward_time_ms": 95.09373732686605,
    "batch_generator_time_ms": 0.5943775177001953,
    "layernorm_grads_all_reduce_time_ms": 13.731304726970635,
    "embedding_grads_all_reduce_time_ms": 0.02192084996170058,
    "optimizer_time_ms": 16.660778204773802,
    "layer_compute_total_ms": [
      1.1169047034290052,
      3.2957550068626853,
      3.25847451874583,
      3.247218721034322,
      3.260175724061029,
      3.2688115909413873,
      3.2707740500513913,
      3.2643630241492194,
      3.256380636609051,
      3.2686807572025764,
      3.262923685006565,
      3.430616544635868,
      3.479342722871179,
      4.925208775705616,
      3.2858166466880316,
      3.2626619818868283,
      3.2625311297391546,
      3.271820658904314,
      3.264493870811442,
      3.273128884755851,
      3.351289975942174,
      3.2671107217987645,
      3.266849043749674,
      3.262269424268153,
      3.2690732572445946,
      1.047530314093153
    ]
  },
  "execution_memory": {
    "total_memory_mb": 12164.781551349231,
    "layer_memory_total_mb": [
      80.73349732370704,
      565.1733313156566,
      565.1733313156566,
      565.1733313156566,
      565.1733313156566,
      565.1733313156566,
      565.1733313156566,
      565.1733313156566,
      565.1733313156566,
      565.1733313156566,
      565.1733313156566,
      565.1733313156566,
      565.1733313156566,
      565.1733313156566,
      565.1733313156566,
      565.1733313156566,
      565.1733313156566,
      565.1733313156566,
      565.1733313156566,
      565.1733313156566,
      565.1733313156566,
      565.1733313156566,
      565.1733313156566,
      565.1733313156566,
      565.1733313156566,
      232.80165781697013
    ]
  }
}