{
  "model": {
    "model_name": "GPT-1.3B",
    "num_layers": 24,
    "parameters": {
      "total_parameters_bytes": 5691244544,
      "parameters_per_layer_bytes": [
        436207616,
        201482240,
        201482240,
        201482240,
        201482240,
        201482240,
        201482240,
        201482240,
        201482240,
        201482240,
        201482240,
        201482240,
        201482240,
        201482240,
        201482240,
        201482240,
        201482240,
        201482240,
        201482240,
        201482240,
        201482240,
        201482240,
        201482240,
        201482240,
        201482240,
        419463168
      ]
    }
  },
  "execution_time": {
    "total_time_ms": 365.25191576226155,
    "forward_backward_time_ms": 284.7768776814315,
    "batch_generator_time_ms": 0.5943775177001953,
    "layernorm_grads_all_reduce_time_ms": 0.5491397186181406,
    "embedding_grads_all_reduce_time_ms": 0.0008766544490265959,
    "optimizer_time_ms": 62.53207333813137,
    "layer_compute_total_ms": [
      3.107416281498823,
      9.86251982850629,
      9.739844600797932,
      9.702851800433026,
      9.745437545650413,
      9.773836583011795,
      9.780291861317872,
      9.759205923422654,
      9.732961340282547,
      9.773406243650632,
      9.754472862512802,
      10.308219246261215,
      10.469988727655908,
      15.438248759482223,
      9.82979402115803,
      9.753612326358937,
      9.753182060633227,
      9.78373482043743,
      9.759636211090172,
      9.788038660195344,
      10.045691536660991,
      9.768242293469005,
      9.767381657032551,
      9.75232153388442,
      9.774697266431778,
      2.907033557234821
    ]
  },
  "execution_memory": {
    "total_memory_mb": 48659.01441960308,
    "layer_memory_total_mb": [
      221.20663570517186,
      1771.5566747373734,
      1771.5566747373734,
      1771.5566747373734,
      1771.5566747373734,
      1771.5566747373734,
      1771.5566747373734,
      1771.5566747373734,
      1771.5566747373734,
      1771.5566747373734,
      1771.5566747373734,
      1771.5566747373734,
      1771.5566747373734,
      1771.5566747373734,
      1771.5566747373734,
      1771.5566747373734,
      1771.5566747373734,
      1771.5566747373734,
      1771.5566747373734,
      1771.5566747373734,
      1771.5566747373734,
      1771.5566747373734,
      1771.5566747373734,
      1771.5566747373734,
      1771.5566747373734,
      668.7933687321195
    ]
  }
}