{
  "model": {
    "model_name": "GPT-1.3B",
    "num_layers": 24,
    "parameters": {
      "total_parameters_bytes": 5691244544,
      "parameters_per_layer_bytes": [
        436207616,
        201482240,
        201482240,
        201482240,
        201482240,
        201482240,
        201482240,
        201482240,
        201482240,
        201482240,
        201482240,
        201482240,
        201482240,
        201482240,
        201482240,
        201482240,
        201482240,
        201482240,
        201482240,
        201482240,
        201482240,
        201482240,
        201482240,
        201482240,
        201482240,
        419463168
      ]
    }
  },
  "execution_time": {
    "total_time_ms": 222.89037704467773,
    "forward_backward_time_ms": 86.64441108703613,
    "batch_generator_time_ms": 0.5609989166259766,
    "layernorm_grads_all_reduce_time_ms": 4.914999008178711,
    "embedding_grads_all_reduce_time_ms": 0.012874603271484375,
    "optimizer_time_ms": 32.21249580383301,
    "layer_compute_total_ms": [
      1.233816146850586,
      3.169536590576172,
      3.0303001403808594,
      3.0155181884765625,
      3.0264854431152344,
      3.0226707458496094,
      3.0105113983154297,
      3.0183792114257812,
      3.0324459075927734,
      3.022909164428711,
      3.0336380004882812,
      3.0210018157958984,
      3.041505813598633,
      3.02886962890625,
      3.0388832092285156,
      3.036022186279297,
      3.018617630004883,
      3.022909164428711,
      3.0188560485839844,
      3.039836883544922,
      3.1723976135253906,
      3.0150413513183594,
      3.0205249786376953,
      3.023386001586914,
      3.0333995819091797,
      0.9139832027939188
    ]
  },
  "execution_memory": {
    "total_memory_mb": 12164.767578125,
    "layer_memory_total_mb": [
      68.017578125,
      504.03125,
      504.03125,
      504.03125,
      504.03125,
      504.03125,
      504.03125,
      504.03125,
      504.03125,
      504.03125,
      504.03125,
      504.03125,
      504.03125,
      504.03125,
      504.03125,
      504.03125,
      504.03125,
      504.03125,
      504.03125,
      504.03125,
      504.03125,
      504.03125,
      504.03125,
      504.03125,
      504.03125,
      200.0
    ]
  }
}